0.0210;-0.0264;0.4827;0.7723;0.911
0.0300;-0.0772;0.4896;0.8114;0.951
0.0480;-0.1564;0.5228;0.8700;1.027
0.0660;-0.1319;0.5140;0.8827;1.030
0.0940;-0.0244;0.4847;0.8270;0.959
0.1230;0.0156;0.4710;0.9033;1.019
0.1250;0.0205;0.4671;0.9169;1.029
0.1430;-0.0098;0.4798;0.8436;0.971
0.1630;-0.0166;0.4798;0.8261;0.955
0.1990;-0.0547;0.4935;0.7919;0.935
0.2020;-0.1290;0.5062;0.8065;0.961
0.2220;-0.1603;0.5170;0.7635;0.936
0.2430;-0.1417;0.5111;0.7889;0.951
0.2590;-0.0723;0.4955;0.8114;0.953
0.2820;-0.0283;0.4876;0.8192;0.954
0.3140;-0.0254;0.4847;0.8368;0.967
0.3230;-0.0235;0.4827;0.8563;0.983
0.3370;-0.0156;0.4779;0.8720;0.994
0.3570;-0.0088;0.4779;0.8720;0.994
0.3760;0.0000;0.4730;0.8778;0.997
0.3980;0.0254;0.4525;0.9111;1.018
0.4250;0.0352;0.4466;0.9277;1.030
0.4340;0.0342;0.4515;0.9189;1.024
0.4630;0.0313;0.4515;0.8866;0.995
0.4740;0.0147;0.4583;0.8485;0.965
0.5000;-0.0107;0.4730;0.8202;0.947
0.5110;-0.0254;0.4788;0.8192;0.949
0.5310;-0.0254;0.4740;0.8368;0.962
0.5510;-0.0352;0.4740;0.7938;0.925
0.5800;-0.0195;0.4730;0.7821;0.914
0.5900;0.0000;0.4593;0.8290;0.948
0.6090;-0.0450;0.4661;0.8906;1.006
0.6290;-0.1143;0.4925;0.9160;1.046
0.6480;-0.0977;0.4925;0.8476;0.985
0.6810;-0.0264;0.4749;0.7967;0.928
0.6950;0.0098;0.4534;0.7791;0.902
0.7120;0.0186;0.4231;0.8368;0.938
0.7250;0.0029;0.4564;0.8554;0.970
0.7450;-0.0127;0.4749;0.8456;0.970
0.7640;-0.0225;0.4798;0.8593;0.984
0.7830;-0.0186;0.4827;0.8524;0.980
0.8100;-0.0098;0.4779;0.8485;0.974
0.8270;-0.0205;0.4779;0.8427;0.969
0.8440;-0.0283;0.4779;0.8241;0.953
0.8600;-0.0293;0.4827;0.8378;0.967
0.8810;-0.0098;0.4759;0.8612;0.984
0.8990;-0.0039;0.4730;0.8818;1.001
0.9190;-0.0147;0.4740;0.8691;0.990
0.9380;-0.0274;0.4847;0.8466;0.976
0.9580;-0.0557;0.4994;0.8202;0.962
0.9770;-0.0313;0.4935;0.8202;0.958
0.9970;0.0127;0.4769;0.8544;0.979
1.0310;0.0156;0.4730;0.8681;0.989
1.0390;-0.0029;0.4808;0.8290;0.958
1.0540;-0.0127;0.4808;0.8691;0.993
1.0760;-0.0059;0.4808;0.9179;1.036
1.1010;0.0049;0.4788;0.8788;1.001
1.1120;-0.0020;0.4837;0.8212;0.953
1.1320;0.0039;0.4808;0.8153;0.947
1.1520;-0.0039;0.4808;0.8182;0.949
1.1700;-0.0156;0.4808;0.8407;0.969
1.1920;-0.0098;0.4779;0.8691;0.992
1.2280;-0.0156;0.4857;0.8212;0.954
1.2290;-0.0303;0.4925;0.7733;0.917
1.2480;-0.0303;0.4915;0.7860;0.928
1.2680;-0.0176;0.4886;0.8241;0.958
1.2910;-0.0029;0.4818;0.8241;0.955
1.3150;-0.0088;0.4818;0.8573;0.983
1.3250;-0.0137;0.4857;0.8632;0.991
1.3450;0.0039;0.4857;0.8515;0.980
1.3640;-0.0078;0.4857;0.8261;0.958
1.3940;-0.0088;0.4857;0.8261;0.958
1.4190;-0.0088;0.4857;0.8407;0.971
1.4220;-0.0088;0.4857;0.8290;0.961
1.4420;-0.0039;0.4857;0.8231;0.956
1.4770;-0.0010;0.4798;0.8339;0.962
1.4980;-0.0049;0.4798;0.8231;0.953
1.5030;-0.0274;0.4867;0.8026;0.939
1.5200;-0.0489;0.4896;0.7850;0.926
1.5380;-0.0420;0.4837;0.8309;0.962
1.5580;-0.0283;0.4788;0.8710;0.994
1.5780;-0.0244;0.4798;0.8476;0.974
1.6010;-0.0215;0.4837;0.8202;0.952
1.6160;-0.0078;0.4798;0.8388;0.966
1.6360;0.0000;0.4769;0.8720;0.994
1.6540;-0.0010;0.4769;0.8661;0.989
1.6750;0.0049;0.4769;0.8700;0.992
1.6930;0.0039;0.4769;0.8534;0.978
1.7140;-0.0029;0.4769;0.8485;0.973
1.7320;-0.0029;0.4730;0.8691;0.989
1.7510;0.0029;0.4740;0.8642;0.986
1.7700;-0.0059;0.4779;0.8788;1.000
1.7910;-0.0107;0.4779;0.8945;1.014
1.8230;-0.0117;0.4818;0.8348;0.964
1.8290;-0.0117;0.4818;0.7987;0.933
1.8490;-0.0117;0.4818;0.7977;0.932
1.8670;-0.0147;0.4788;0.8329;0.961
1.8870;-0.0205;0.4788;0.8407;0.968
1.9100;-0.0283;0.4818;0.8456;0.974
1.9270;-0.0098;0.4779;0.8456;0.971
1.9460;-0.0107;0.4779;0.8368;0.964
1.9650;-0.0117;0.4818;0.8300;0.960
1.9840;-0.0186;0.4818;0.8329;0.962
2.0090;-0.0186;0.4788;0.8348;0.963
2.0390;-0.0264;0.4788;0.8456;0.972
2.0440;-0.0264;0.4827;0.8710;0.996
2.0610;-0.0156;0.4827;0.9228;1.042
2.0840;0.0059;0.4788;0.8984;1.018
2.1110;0.0010;0.4847;0.8456;0.975
2.1190;-0.0049;0.4857;0.7928;0.930
2.1400;-0.0156;0.4896;0.7752;0.917
2.1590;-0.0225;0.4896;0.7987;0.937
2.1780;-0.0332;0.4925;0.8769;1.006
2.2100;-0.0068;0.4896;0.8358;0.969
2.2170;-0.0127;0.4896;0.8173;0.953
2.2380;-0.0186;0.4935;0.8212;0.958
2.2570;-0.0117;0.4935;0.8094;0.948
2.2760;-0.0156;0.4945;0.7870;0.930
2.3040;-0.0068;0.4945;0.7870;0.929
2.3410;-0.0098;0.4945;0.7811;0.925
2.3430;-0.0147;0.4945;0.7948;0.936
2.3520;-0.0235;0.4945;0.8075;0.947
2.3870;-0.0235;0.4906;0.8319;0.966
2.3910;-0.0283;0.4906;0.8319;0.966
2.4120;-0.0274;0.4906;0.7938;0.934
2.4290;-0.0235;0.4945;0.7801;0.924
2.4490;-0.0127;0.4915;0.7879;0.929
2.4680;-0.0147;0.4906;0.8055;0.943
2.4910;0.0000;0.4847;0.8476;0.976
2.5150;-0.0156;0.4876;0.8808;1.007
2.5260;0.0010;0.4798;0.8925;1.013
2.5460;-0.0068;0.4837;0.8563;0.984
2.5650;-0.0010;0.4847;0.8476;0.976
2.5850;-0.0049;0.4867;0.8339;0.966
2.6100;-0.0059;0.4867;0.8446;0.975
2.6240;0.0029;0.4808;0.8573;0.983
2.6430;-0.0186;0.4867;0.8251;0.958
2.6630;-0.0225;0.4827;0.8476;0.976
2.6840;-0.0244;0.4827;0.8524;0.980
2.7090;-0.0244;0.4827;0.8309;0.961
2.7370;-0.0244;0.4827;0.8241;0.955
2.7430;-0.0195;0.4827;0.8173;0.949
2.7590;-0.0225;0.4827;0.8036;0.938
2.7780;-0.0186;0.4827;0.8124;0.945
2.8010;-0.0176;0.4827;0.8280;0.959
2.8190;-0.0147;0.4827;0.8270;0.958
2.8370;-0.0147;0.4827;0.8319;0.962
2.8560;-0.0107;0.4827;0.8378;0.967
2.8760;-0.0107;0.4857;0.8358;0.967
2.9150;-0.0020;0.4857;0.8495;0.979
2.9340;-0.0059;0.4857;0.8378;0.968
2.9540;-0.0059;0.4857;0.8348;0.966
2.9730;-0.0059;0.4818;0.8388;0.967
3.0110;-0.0059;0.4808;0.8632;0.988
3.0130;-0.0010;0.4808;0.8749;0.998
3.0300;0.0000;0.4808;0.8612;0.986
3.0540;0.0020;0.4808;0.8456;0.973
3.0720;-0.0059;0.4808;0.8339;0.963
3.0890;-0.0117;0.4808;0.8241;0.954
3.1120;-0.0117;0.4808;0.8348;0.963
3.1400;-0.0078;0.4808;0.8485;0.975
3.1480;0.0000;0.4788;0.8681;0.991
3.1800;-0.0020;0.4769;0.8544;0.978
3.1860;-0.0059;0.4769;0.8290;0.956
3.2080;-0.0088;0.4847;0.8143;0.948
3.2240;-0.0098;0.4847;0.8143;0.948
3.2440;-0.0098;0.4818;0.8515;0.978
3.2710;-0.0117;0.4818;0.8837;1.007
3.2910;-0.0059;0.4808;0.8778;1.001
3.3020;-0.0107;0.4808;0.8329;0.962
3.3220;-0.0107;0.4857;0.8182;0.952
3.3410;-0.0078;0.4857;0.8182;0.952
3.3600;-0.0117;0.4827;0.8417;0.970
3.3920;-0.0049;0.4818;0.8446;0.972
3.4140;-0.0088;0.4847;0.8329;0.964
3.4180;-0.0029;0.4847;0.8241;0.956
3.4380;-0.0098;0.4847;0.8241;0.956
3.4570;-0.0098;0.4808;0.8358;0.964
3.4760;-0.0098;0.4808;0.8339;0.963
3.4960;-0.0107;0.4808;0.8241;0.954
3.5200;-0.0049;0.4808;0.8505;0.977
3.5350;-0.0010;0.4808;0.8681;0.992
3.5540;0.0000;0.4798;0.8534;0.979
3.5730;0.0020;0.4798;0.8378;0.965
3.5930;-0.0049;0.4798;0.8407;0.968
3.6120;-0.0078;0.4798;0.8612;0.986
3.6330;-0.0078;0.4798;0.8769;1.000
3.6510;-0.0117;0.4827;0.8397;0.969
3.6700;-0.0059;0.4798;0.8397;0.967
3.7000;-0.0107;0.4798;0.8573;0.983
3.7080;-0.0107;0.4788;0.8573;0.982
3.7280;-0.0107;0.4769;0.8261;0.954
3.7480;-0.0176;0.4769;0.8055;0.936
3.7670;-0.0244;0.4808;0.8026;0.936
3.7860;-0.0176;0.4779;0.8270;0.955
3.8060;-0.0195;0.4808;0.8456;0.973
3.8300;-0.0225;0.4818;0.8485;0.976
3.8440;-0.0166;0.4818;0.8348;0.964
3.8640;-0.0068;0.4779;0.8397;0.966
3.8830;0.0000;0.4759;0.8485;0.973
3.9020;-0.0078;0.4759;0.8642;0.987
3.9340;-0.0088;0.4759;0.8886;1.008
3.9430;-0.0107;0.4759;0.8710;0.993
3.9610;-0.0127;0.4798;0.8182;0.949
3.9820;-0.0195;0.4818;0.7928;0.928
4.0030;-0.0195;0.4818;0.8026;0.936
4.0330;-0.0215;0.4818;0.8173;0.949
4.0380;-0.0215;0.4818;0.8329;0.962
4.0580;-0.0166;0.4818;0.8495;0.977
4.0770;-0.0156;0.4788;0.8642;0.988
4.1040;-0.0147;0.4788;0.8642;0.988
4.1170;-0.0088;0.4788;0.8563;0.981
4.1370;-0.0088;0.4788;0.8485;0.974
4.1880;-0.0098;0.4769;0.8583;0.982
4.1930;-0.0127;0.4769;0.8583;0.982
4.2190;-0.0205;0.4798;0.8388;0.967
4.2320;-0.0137;0.4798;0.8319;0.960
4.2510;-0.0137;0.4798;0.8388;0.966
4.2700;-0.0137;0.4759;0.8476;0.972
4.2890;-0.0068;0.4749;0.8407;0.966
4.3100;-0.0098;0.4749;0.8300;0.956
4.3290;-0.0166;0.4749;0.8231;0.950
4.3480;-0.0205;0.4749;0.8143;0.943
4.3660;-0.0205;0.4749;0.8241;0.951
4.3890;-0.0156;0.4749;0.8192;0.947
4.4070;-0.0107;0.4720;0.8397;0.963
4.4250;-0.0039;0.4700;0.8573;0.978
4.4450;-0.0068;0.4700;0.8446;0.967
4.4640;-0.0098;0.4749;0.8348;0.961
4.4830;-0.0020;0.4749;0.8495;0.973
4.5030;-0.0029;0.4769;0.8534;0.978
4.5270;-0.0059;0.4798;0.8446;0.971
4.5420;-0.0059;0.4798;0.8407;0.968
4.5610;-0.0117;0.4837;0.8231;0.955
4.5810;-0.0235;0.4886;0.8173;0.952
4.5990;-0.0235;0.4896;0.8114;0.948
4.6190;-0.0303;0.4906;0.8407;0.974
4.6390;-0.0362;0.4906;0.9150;1.039
4.6580;-0.0420;0.4818;0.9404;1.057
4.6770;-0.0567;0.4847;0.8681;0.996
4.6950;-0.0625;0.4867;0.7928;0.932
4.7160;-0.0371;0.4818;0.7664;0.906
4.7410;-0.0293;0.4808;0.7850;0.921
4.7540;-0.0225;0.4769;0.8221;0.951
4.7730;-0.0186;0.4730;0.8397;0.964
4.8030;-0.0147;0.4769;0.8241;0.952
4.8220;-0.0147;0.4769;0.7967;0.929
4.8320;-0.0147;0.4779;0.7958;0.928
4.8520;-0.0195;0.4779;0.8202;0.949
4.8720;-0.0195;0.4779;0.8515;0.977
4.8940;-0.0195;0.4779;0.8446;0.971
4.9300;-0.0235;0.4818;0.8094;0.942
4.9390;-0.0235;0.4808;0.8153;0.947
4.9640;-0.0147;0.4798;0.8300;0.959
4.9680;-0.0147;0.4779;0.8417;0.968
4.9860;-0.0156;0.4779;0.8505;0.976
5.0110;-0.0156;0.4779;0.8241;0.953
5.0380;-0.0215;0.4818;0.8075;0.941
5.0440;-0.0225;0.4818;0.8075;0.941
5.0650;-0.0274;0.4818;0.8065;0.940
5.0920;-0.0293;0.4827;0.8143;0.947
5.1190;-0.0303;0.4827;0.8534;0.981
5.1230;-0.0264;0.4827;0.8534;0.981
5.1420;-0.0244;0.4827;0.8270;0.958
5.1610;-0.0322;0.4837;0.8104;0.944
5.1810;-0.0322;0.4837;0.8290;0.960
5.2010;-0.0283;0.4788;0.8446;0.971
5.2380;-0.0283;0.4827;0.8280;0.959
5.2580;-0.0283;0.4827;0.8143;0.947
5.2770;-0.0322;0.4827;0.7977;0.933
5.2970;-0.0283;0.4779;0.8114;0.942
5.3170;-0.0244;0.4779;0.8251;0.954
5.3360;-0.0244;0.4779;0.8397;0.966
5.3540;-0.0352;0.4808;0.8153;0.947
5.3740;-0.0410;0.4818;0.8094;0.943
5.3950;-0.0293;0.4779;0.8251;0.954
5.4140;-0.0332;0.4779;0.8476;0.974
5.4320;-0.0205;0.4779;0.8622;0.986
5.4510;-0.0166;0.4779;0.8456;0.971
5.4700;-0.0274;0.4779;0.8046;0.936
5.4900;-0.0303;0.4779;0.8046;0.936
5.5160;-0.0342;0.4808;0.8261;0.956
5.5280;-0.0371;0.4808;0.8505;0.978
5.5480;-0.0264;0.4779;0.8280;0.956
5.5700;-0.0235;0.4779;0.8065;0.938
5.5860;-0.0235;0.4759;0.8192;0.948
5.6170;-0.0225;0.4740;0.8348;0.960
5.6290;-0.0195;0.4730;0.8573;0.979
5.6470;-0.0166;0.4730;0.8681;0.989
5.6650;-0.0088;0.4671;0.8583;0.977
5.6830;-0.0039;0.4671;0.8368;0.958
5.7030;-0.0088;0.4671;0.8446;0.965
5.7230;-0.0088;0.4661;0.8681;0.985
5.7500;-0.0088;0.4652;0.8622;0.980
5.7630;-0.0117;0.4652;0.8417;0.962
5.7810;-0.0117;0.4652;0.8368;0.957
5.8180;-0.0156;0.4710;0.8270;0.952
5.8220;-0.0215;0.4759;0.8212;0.949
5.8440;-0.0274;0.4759;0.8378;0.964
5.8580;-0.0342;0.4788;0.8251;0.955
5.8870;-0.0362;0.4818;0.8221;0.954
5.9100;-0.0362;0.4818;0.8065;0.940
5.9160;-0.0362;0.4857;0.8163;0.951
5.9360;-0.0362;0.4876;0.8212;0.956
5.9560;-0.0313;0.4886;0.7987;0.937
5.9750;-0.0303;0.4886;0.7899;0.929
6.0080;-0.0264;0.4915;0.7948;0.935
6.0290;-0.0176;0.4945;0.8124;0.951
6.0320;-0.0098;0.4974;0.8192;0.958
6.0510;0.0000;0.4974;0.8515;0.986
6.0710;-0.0020;0.4974;0.8573;0.991
6.0900;0.0039;0.4974;0.8476;0.983
6.1090;0.0039;0.4925;0.8651;0.996
6.1310;0.0098;0.4876;0.8935;1.018
6.1490;-0.0039;0.4955;0.8427;0.978
6.1710;-0.0049;0.4945;0.8163;0.954
6.1890;-0.0127;0.4935;0.8378;0.972
6.2080;-0.0147;0.4896;0.8495;0.981
6.2410;-0.0166;0.4876;0.8261;0.959
6.2450;-0.0186;0.4857;0.8300;0.962
6.2640;-0.0088;0.4808;0.8456;0.973
6.2840;0.0049;0.4720;0.8231;0.949
6.3030;0.0039;0.4769;0.7664;0.903
6.3230;0.0078;0.4769;0.7958;0.928
6.3420;0.0117;0.4730;0.8886;1.007
6.3610;0.0117;0.4710;0.9365;1.048
6.3810;0.0117;0.4759;0.9218;1.037
6.4000;0.0176;0.4759;0.9414;1.055
6.4230;0.0039;0.4818;0.9765;1.089
6.4440;0.0000;0.4847;0.9902;1.102
6.4580;0.0068;0.4847;0.9472;1.064
6.4780;-0.0117;0.4896;0.8632;0.992
6.4970;-0.0401;0.4886;0.8876;1.014
6.5160;-0.0528;0.4857;0.8691;0.997
6.5430;-0.0303;0.4759;0.8515;0.976
6.5590;-0.0352;0.4827;0.7743;0.913
6.5740;-0.0371;0.4915;0.6677;0.830
6.5940;-0.0479;0.4955;0.6150;0.791
6.6240;-0.0801;0.4886;0.7117;0.867
6.6320;-0.0938;0.4827;0.8348;0.969
6.6540;-0.0674;0.4788;0.8915;1.014
6.6740;-0.0440;0.4788;0.8603;0.986
6.6920;-0.0147;0.4788;0.8563;0.981
6.7290;-0.0264;0.4847;0.8798;1.005
6.7340;-0.0420;0.4847;0.8778;1.004
6.7500;-0.0371;0.4788;0.8280;0.957
6.7690;-0.0371;0.4759;0.7616;0.899
6.7880;-0.0469;0.4749;0.7107;0.856
6.8090;-0.0606;0.4749;0.6902;0.840
6.8280;-0.0801;0.4749;0.7156;0.863
6.8530;-0.1114;0.4857;0.7518;0.902
6.8650;-0.1309;0.4886;0.7811;0.931
6.8840;-0.1427;0.4974;0.7733;0.930
6.9130;-0.0948;0.4915;0.7401;0.893
6.9360;-0.0655;0.4876;0.7752;0.918
6.9420;-0.0674;0.4876;0.8700;1.000
6.9620;-0.0967;0.5345;0.8368;0.998
6.9800;-0.0860;0.5345;0.7029;0.887
7.0020;-0.1915;0.6254;0.7518;0.997
7.0210;-0.1710;0.5922;0.8329;1.036
7.0400;-0.1612;0.6137;0.8016;1.022
7.0590;-0.1349;0.6264;0.7762;1.007
7.0820;-0.1622;0.6411;0.7919;1.032
7.0970;-0.1564;0.6293;0.9052;1.114
7.1180;-0.1222;0.6010;1.0176;1.188
7.1440;-0.0997;0.5863;1.0684;1.223
7.1550;-0.0743;0.5697;1.0225;1.173
7.1750;-0.0420;0.5472;0.9375;1.086
7.1940;-0.0127;0.5316;0.8221;0.979
7.2170;-0.0078;0.5091;0.7674;0.921
7.2420;-0.0322;0.4876;0.9218;1.043
7.2520;-0.0606;0.4720;1.1143;1.212
7.2710;-0.0625;0.4388;1.1945;1.274
7.2910;-0.0557;0.4437;1.0508;1.142
7.3120;-0.0381;0.4437;0.8583;0.967
7.3290;-0.0068;0.4241;0.7449;0.857
7.3490;0.0020;0.4007;0.7371;0.839
7.3690;-0.0254;0.4007;0.8065;0.901
7.3890;-0.0303;0.3909;0.8026;0.893
7.4080;-0.0010;0.3674;0.7322;0.819
7.4290;0.0107;0.3743;0.6736;0.771
7.4450;-0.0010;0.4085;0.6736;0.788
7.4650;-0.0186;0.4290;0.7274;0.845
7.4850;-0.0254;0.4290;0.7948;0.904
7.5100;-0.0264;0.4212;0.8954;0.990
7.5400;-0.0176;0.4212;0.9218;1.014
7.5450;-0.0049;0.4280;0.8661;0.966
7.5620;-0.0049;0.4456;0.7743;0.893
7.5810;-0.0049;0.4525;0.7371;0.865
7.6180;-0.0049;0.4525;0.7518;0.877
7.6210;-0.0088;0.4525;0.7557;0.881
7.6400;-0.0098;0.4603;0.7831;0.908
7.6580;-0.0098;0.4603;0.8261;0.946
7.6780;-0.0010;0.4681;0.7987;0.926
7.6970;-0.0010;0.4779;0.7528;0.892
7.7170;0.0117;0.4779;0.7606;0.898
7.7410;0.0342;0.4700;0.8798;0.998
7.7590;0.0322;0.4740;0.9785;1.088
7.7740;-0.0029;0.4867;0.9531;1.070
7.7940;-0.0616;0.4994;0.9052;1.036
7.8160;-0.0694;0.4994;0.9169;1.046
7.8330;-0.0147;0.4827;0.9619;1.076
7.8520;0.0107;0.4798;0.9502;1.064
7.8710;0.0166;0.4847;0.8945;1.017
7.8920;-0.0068;0.4974;0.8495;0.984
7.9110;-0.0362;0.5101;0.8016;0.951
7.9300;-0.0821;0.5150;0.8309;0.981
7.9490;-0.1163;0.5101;0.9648;1.098
7.9690;-0.1075;0.4935;1.1202;1.229
7.9880;-0.0655;0.4769;1.2111;1.303
8.0070;-0.0352;0.4671;1.1485;1.240
8.0320;-0.0274;0.4671;0.9629;1.071
8.0610;-0.0371;0.4710;0.8544;0.976
8.0660;-0.1007;0.4681;0.8945;1.015
8.0850;-0.1339;0.4554;0.9248;1.039
8.1040;-0.1466;0.4368;0.8837;0.997
8.1270;-0.1681;0.4212;0.8016;0.921
8.1550;-0.1759;0.3987;0.7801;0.894
8.1620;-0.1515;0.3889;0.7723;0.878
8.1810;-0.0958;0.3626;0.7469;0.836
8.2010;-0.0645;0.3586;0.7537;0.837
8.2200;-0.0792;0.3840;0.7967;0.888
8.2420;-0.0870;0.4016;0.8094;0.908
8.2600;-0.0625;0.4016;0.8182;0.914
8.2780;-0.0391;0.4065;0.7762;0.877
8.2970;-0.0186;0.4251;0.7166;0.833
8.3260;-0.0137;0.4427;0.6511;0.787
8.3370;-0.0176;0.4671;0.5857;0.749
8.3630;-0.0547;0.4857;0.5798;0.758
8.3760;-0.1085;0.5013;0.6971;0.865
8.3960;-0.1261;0.5091;0.7958;0.953
8.4150;-0.1046;0.5072;0.8358;0.983
8.4340;-0.1075;0.5130;0.8134;0.968
8.4580;-0.1339;0.5218;0.8485;1.005
8.4710;-0.1134;0.5062;0.9482;1.081
8.5000;-0.0821;0.5023;0.9482;1.076
8.5200;-0.0498;0.5023;0.8622;0.999
8.5290;-0.0625;0.5189;0.7909;0.948
8.5480;-0.0792;0.5218;0.8270;0.981
8.5680;-0.0831;0.5130;0.9248;1.061
8.5880;-0.1182;0.5287;0.9765;1.117
8.6070;-0.1515;0.5531;0.9824;1.138
8.6270;-0.1378;0.5404;0.9081;1.066
8.6470;-0.1163;0.5218;0.9160;1.061
8.6650;-0.0567;0.5003;0.9463;1.072
8.6840;-0.0176;0.4886;0.9120;1.035
8.7050;-0.0176;0.4827;0.8681;0.993
8.7230;-0.0450;0.4798;0.9248;1.043
8.7480;-0.0332;0.4652;0.9756;1.081
8.7640;-0.0068;0.4358;0.9541;1.049
8.7820;-0.0098;0.4163;0.9150;1.005
8.8010;-0.0059;0.4104;0.8818;0.973
8.8250;0.0020;0.3977;0.8534;0.942
8.8640;0.0010;0.3938;0.8192;0.909
8.8660;-0.0186;0.4075;0.7948;0.893
8.8790;-0.0254;0.4075;0.7977;0.896
8.8980;-0.0352;0.4046;0.8016;0.899
8.9190;-0.0713;0.4222;0.8368;0.940
8.9360;-0.1026;0.4407;0.8837;0.993
8.9570;-0.1026;0.4446;0.8974;1.007
8.9750;-0.0811;0.4417;0.8730;0.982
8.9950;-0.0694;0.4349;0.8358;0.945
9.0160;-0.0645;0.4456;0.7733;0.895
9.0390;-0.0743;0.4544;0.7469;0.877
9.0540;-0.0967;0.4544;0.7518;0.884
9.0730;-0.1094;0.4593;0.7821;0.914
9.0920;-0.1075;0.4525;0.8026;0.928
9.1100;-0.0801;0.4417;0.7997;0.917
9.1310;-0.0508;0.4310;0.7704;0.884
9.1540;-0.0479;0.4368;0.7264;0.849
9.1700;-0.0479;0.4505;0.6619;0.802
9.1880;-0.0371;0.4564;0.6492;0.794
9.2120;-0.0049;0.4505;0.6980;0.831
9.2350;0.0107;0.4427;0.7752;0.893
9.2460;0.0029;0.4515;0.7840;0.905
9.2660;-0.0293;0.4730;0.7987;0.929
9.2850;-0.0850;0.4857;0.9414;1.063
9.3040;-0.1104;0.4915;1.1173;1.226
9.3270;-0.0772;0.4896;1.1642;1.265
9.3470;-0.0655;0.5052;1.0029;1.125
9.3630;-0.1007;0.5345;0.8241;0.987
9.3830;-0.1788;0.5756;0.7264;0.944
9.4020;-0.2130;0.5531;0.8241;1.015
9.4200;-0.1867;0.5003;1.0293;1.160
9.4590;-0.1153;0.4661;1.1544;1.250
9.4620;-0.0547;0.4329;1.1417;1.222
9.4790;-0.0166;0.4192;1.0117;1.095
9.5150;-0.0107;0.4310;0.8505;0.954
9.5170;-0.0274;0.4466;0.7606;0.882
9.5370;-0.0381;0.4534;0.7430;0.871
9.5560;-0.0410;0.4515;0.7518;0.878
9.5760;-0.0850;0.4671;0.7635;0.899
9.5950;-0.1280;0.4740;0.7762;0.918
9.6150;-0.1046;0.4700;0.7645;0.904
9.6350;-0.0596;0.4554;0.7860;0.910
9.6530;-0.0459;0.4476;0.8466;0.959
9.6720;-0.0596;0.4505;0.9423;1.046
9.6920;-0.0508;0.4427;0.9560;1.055
9.7110;-0.0274;0.4378;0.8583;0.964
9.7300;-0.0147;0.4583;0.7254;0.858
9.7500;-0.0225;0.4749;0.6179;0.780
9.7690;-0.0176;0.4779;0.6296;0.791
9.7880;-0.0107;0.4700;0.7449;0.881
9.8080;-0.0020;0.4661;0.8593;0.978
9.8290;0.0078;0.4730;0.8847;1.003
9.8470;-0.0059;0.4857;0.8026;0.938
9.8680;-0.0322;0.4964;0.7684;0.915
9.8860;-0.0508;0.5052;0.8192;0.964
9.9050;-0.0244;0.4974;0.8818;1.013
9.9340;-0.0166;0.4974;0.8368;0.974
9.9470;-0.0440;0.5140;0.8006;0.952
9.9690;-0.0977;0.5385;0.7772;0.951
9.9820;-0.1251;0.5453;0.8182;0.991
10.0020;-0.1652;0.5619;0.9238;1.094
10.0200;-0.1827;0.5824;0.9599;1.138
10.0410;-0.1642;0.6098;0.9502;1.141
10.0610;-0.1222;0.6479;0.8173;1.050
10.0810;-0.1085;0.6401;0.7831;1.017
10.0980;-0.1485;0.6069;0.9746;1.158
10.1270;-0.0762;0.5336;1.1065;1.231
10.1500;-0.0010;0.4925;1.0860;1.192
10.1580;0.0068;0.4867;0.9560;1.073
10.1760;-0.0293;0.4857;0.9482;1.066
10.1950;-0.0117;0.4652;1.0117;1.114
10.2140;0.0235;0.4153;0.9756;1.061
10.2390;0.0342;0.4055;0.8505;0.943
10.2560;0.0156;0.4300;0.7401;0.856
10.2730;0.0000;0.4300;0.7127;0.832
10.3080;-0.0098;0.4349;0.7127;0.835
10.3120;-0.0059;0.4231;0.7166;0.832
10.3310;-0.0049;0.4231;0.7537;0.864
10.3500;-0.0303;0.4378;0.7899;0.904
10.3690;-0.0645;0.4515;0.8495;0.964
10.3890;-0.0674;0.4417;0.8964;1.002
10.4340;-0.0303;0.4280;0.8622;0.963
10.4360;-0.0156;0.4329;0.7723;0.886
10.4570;-0.0293;0.4417;0.6746;0.807
10.4670;-0.0606;0.4671;0.6414;0.796
10.4870;-0.0870;0.4808;0.6853;0.842
10.5050;-0.0684;0.4749;0.7244;0.869
10.5260;-0.0596;0.4779;0.7547;0.895
10.5450;-0.0616;0.4818;0.7616;0.903
10.5630;-0.0508;0.4847;0.7459;0.891
10.5830;-0.0264;0.4847;0.7381;0.883
10.6010;-0.0039;0.4798;0.7420;0.884
10.6220;0.0020;0.4788;0.7723;0.909
10.6540;-0.0098;0.4837;0.7919;0.928
10.6630;-0.0313;0.4896;0.7870;0.927
10.6800;-0.0567;0.5003;0.7967;0.943
10.6980;-0.0625;0.5062;0.8309;0.975
10.7190;-0.0850;0.5140;0.9130;1.051
10.7480;-0.0684;0.5101;0.9463;1.077
10.7570;-0.0635;0.5228;0.8954;1.039
10.7790;-0.0919;0.5297;0.8827;1.034
10.7960;-0.1124;0.5267;0.9609;1.102
10.8140;-0.0840;0.5062;1.0049;1.128
10.8340;-0.0547;0.4906;1.0381;1.149
10.8570;-0.0420;0.4827;1.0410;1.148
10.8740;-0.0186;0.4779;0.9629;1.075
10.8940;0.0059;0.4700;0.8857;1.003
10.9120;-0.0078;0.4759;0.8163;0.945
10.9320;-0.0440;0.4837;0.7772;0.916
10.9610;-0.0713;0.4808;0.7879;0.926
10.9690;-0.0919;0.4788;0.8114;0.947
10.9890;-0.0909;0.4769;0.8016;0.937
11.0090;-0.0743;0.4749;0.7694;0.907
11.0370;-0.0557;0.4720;0.7537;0.891
11.0540;-0.0586;0.4720;0.7694;0.905
11.0680;-0.0625;0.4642;0.8270;0.950
11.0870;-0.0508;0.4554;0.8935;1.004
11.1050;-0.0313;0.4407;0.9179;1.019
11.1320;-0.0068;0.4358;0.8368;0.944
11.1550;0.0117;0.4427;0.7313;0.855
11.1630;0.0098;0.4593;0.6570;0.802
11.1820;0.0039;0.4691;0.6404;0.794
11.2120;-0.0068;0.4779;0.6961;0.844
11.2370;-0.0381;0.4818;0.7909;0.927
11.2400;-0.0674;0.4867;0.8857;1.013
11.2600;-0.0547;0.4847;0.9160;1.038
11.2790;-0.0352;0.4827;0.9287;1.047
11.3010;-0.0313;0.4827;0.9052;1.026
11.3210;-0.0430;0.4906;0.8583;0.990
11.3600;-0.0440;0.4945;0.8026;0.944
11.3640;-0.0450;0.4994;0.7870;0.933
11.3770;-0.0782;0.5111;0.8143;0.965
11.3950;-0.0938;0.5248;0.8622;1.014
11.4170;-0.1231;0.5385;0.9091;1.064
11.4340;-0.1466;0.5590;0.9365;1.100
11.4540;-0.1427;0.5629;0.9365;1.102
11.4760;-0.1212;0.5775;0.9199;1.093
11.4950;-0.1309;0.5951;0.8818;1.072
11.5120;-0.1280;0.5814;0.9345;1.108
11.5370;-0.0948;0.5512;0.9687;1.119
11.5760;-0.0880;0.5345;1.0137;1.149
11.5810;-0.0694;0.5111;1.0371;1.158
11.5910;-0.0508;0.4915;1.0801;1.188
11.6100;-0.0303;0.4730;1.0537;1.155
11.6340;0.0020;0.4564;0.9238;1.030
11.6470;0.0225;0.4564;0.7752;0.900
11.6680;0.0401;0.4388;0.7430;0.864
11.6870;0.0469;0.4212;0.7762;0.884
11.7060;0.0283;0.4143;0.8495;0.946
11.7270;0.0166;0.4192;0.8397;0.939
11.7480;-0.0039;0.4378;0.7967;0.909
11.7630;-0.0186;0.4466;0.8006;0.917
11.7820;-0.0137;0.4368;0.7909;0.904
11.8030;-0.0020;0.4270;0.7733;0.883
11.8260;-0.0078;0.4222;0.7625;0.872
11.8450;-0.0078;0.4270;0.7596;0.871
11.8600;-0.0010;0.4280;0.7449;0.859
11.8800;-0.0107;0.4329;0.7244;0.844
11.8980;-0.0371;0.4632;0.7098;0.848
11.9230;-0.0508;0.4730;0.7156;0.859
11.9510;-0.0459;0.4769;0.7489;0.889
11.9570;-0.0215;0.4788;0.7440;0.885
11.9780;-0.0088;0.4837;0.6892;0.842
11.9980;-0.0293;0.4955;0.6765;0.839
12.0150;-0.0430;0.4984;0.7176;0.875
12.0510;-0.0244;0.4925;0.7528;0.900
12.0580;-0.0088;0.4915;0.8114;0.949
12.0740;-0.0059;0.4974;0.8417;0.978
12.0940;-0.0244;0.5160;0.7938;0.947
12.1380;-0.0450;0.5394;0.7762;0.946
12.1400;-0.0645;0.5463;0.8319;0.997
12.1650;-0.0381;0.5267;0.9550;1.091
12.1730;-0.0156;0.5189;1.0117;1.137
12.1910;-0.0332;0.5228;0.9091;1.049
12.2090;-0.1104;0.5394;0.9169;1.070
12.2340;-0.1309;0.5179;0.9834;1.119
12.2480;-0.0596;0.4827;1.0274;1.137
12.2670;-0.0235;0.4652;1.0078;1.110
12.2860;-0.0195;0.4613;0.8915;1.004
12.3050;-0.0254;0.4613;0.7850;0.911
12.3250;-0.0303;0.4622;0.7723;0.901
12.3600;-0.0303;0.4476;0.7987;0.916
12.3640;-0.0537;0.4456;0.7987;0.916
12.3850;-0.0840;0.4515;0.8221;0.942
12.4040;-0.1055;0.4544;0.8691;0.986
12.4220;-0.0831;0.4437;0.8691;0.979
12.4600;-0.0557;0.4319;0.8935;0.994
12.4620;-0.0362;0.4310;0.9091;1.007
12.4800;-0.0459;0.4398;0.9072;1.009
12.4990;-0.0557;0.4388;0.9052;1.007
12.5180;-0.0401;0.4329;0.8798;0.981
12.5380;-0.0137;0.4329;0.7879;0.899
12.5570;-0.0039;0.4456;0.6902;0.822
12.5780;-0.0244;0.4652;0.6101;0.768
12.5970;-0.0342;0.4730;0.6853;0.833
12.6160;-0.0352;0.4730;0.7958;0.926
12.6350;-0.0137;0.4710;0.8778;0.996
12.6550;0.0078;0.4691;0.8632;0.982
12.6740;0.0029;0.4798;0.8202;0.950
12.6930;0.0039;0.4867;0.8417;0.972
12.7140;0.0166;0.4867;0.8691;0.996
12.7320;0.0166;0.4847;0.8622;0.989
12.7520;-0.0205;0.5023;0.8026;0.947
12.7820;-0.0801;0.5257;0.7782;0.943
12.7910;-0.1104;0.5443;0.7919;0.967
12.8100;-0.1437;0.5619;0.8515;1.030
12.8370;-0.1759;0.5814;0.9697;1.144
12.8490;-0.1837;0.6020;1.0801;1.250
12.8690;-0.1270;0.6391;0.9668;1.166
12.8870;-0.0713;0.6714;0.7254;0.991
12.9180;-0.1358;0.6626;0.8632;1.097
12.9330;-0.1632;0.5834;1.1984;1.343
12.9460;-0.0469;0.4964;1.3068;1.399
12.9640;0.0215;0.4583;1.2091;1.293
12.9840;0.0381;0.4446;0.9785;1.075
13.0040;0.0352;0.4446;0.7752;0.894
13.0420;0.0489;0.4358;0.6853;0.814
13.0510;0.0577;0.4085;0.7186;0.829
13.0850;0.0264;0.4007;0.7850;0.882
13.0870;0.0049;0.3977;0.8153;0.907
13.1010;0.0000;0.4075;0.7655;0.867
13.1190;-0.0176;0.4310;0.6932;0.816
13.1390;-0.0459;0.4583;0.7342;0.867
13.1600;-0.0752;0.4515;0.8876;0.999
13.1770;-0.0811;0.4368;0.9912;1.086
13.1970;-0.0498;0.4173;0.9560;1.044
13.2160;-0.0322;0.4241;0.8202;0.924
13.2360;-0.0293;0.4378;0.7215;0.844
13.2550;-0.0450;0.4505;0.7078;0.840
13.2760;-0.0596;0.4593;0.7518;0.883
13.2930;-0.0733;0.4593;0.8280;0.950
13.3120;-0.0674;0.4554;0.8563;0.972
13.3390;-0.0674;0.4622;0.8055;0.931
13.3520;-0.0704;0.4710;0.7537;0.892
13.3720;-0.0547;0.4710;0.7010;0.846
13.3920;-0.0391;0.4759;0.7156;0.860
13.4100;-0.0274;0.4759;0.7694;0.905
13.4290;-0.0088;0.4700;0.7733;0.905
13.4530;-0.0186;0.4700;0.7479;0.884
13.4700;-0.0518;0.4847;0.7645;0.907
13.4870;-0.0547;0.4876;0.8114;0.948
13.5070;-0.0215;0.4818;0.8661;0.991
13.5260;-0.0215;0.4818;0.8788;1.002
13.5510;-0.0391;0.4974;0.8818;1.013
13.5640;-0.0489;0.5091;0.8837;1.021
13.5840;-0.0410;0.5121;0.8065;0.956
13.6030;-0.0616;0.5160;0.7371;0.902
13.6220;-0.1573;0.5521;0.7547;0.948
13.6450;-0.1915;0.5521;0.8515;1.033
13.6630;-0.1261;0.5091;0.9541;1.089
13.6800;-0.0557;0.4876;1.0147;1.127
13.7000;-0.0107;0.4769;1.0528;1.156
13.7210;0.0205;0.4593;1.0332;1.131
13.7390;0.0205;0.4456;1.0010;1.096
13.7770;-0.0186;0.4544;0.9199;1.026
13.7780;-0.0459;0.4622;0.8466;0.966
13.7970;-0.0459;0.4613;0.8173;0.940
13.8170;-0.0479;0.4564;0.8006;0.923
13.8370;-0.0547;0.4554;0.7938;0.917
13.8630;-0.0518;0.4544;0.7938;0.916
13.8740;-0.0420;0.4495;0.8114;0.929
13.8960;-0.0459;0.4437;0.8563;0.966
13.9130;-0.0459;0.4319;0.9111;1.009
13.9320;-0.0371;0.4407;0.8534;0.961
13.9510;-0.0371;0.4515;0.7684;0.892
13.9700;-0.0586;0.4710;0.7098;0.854
13.9900;-0.0899;0.4827;0.6531;0.817
14.0090;-0.0899;0.4867;0.6228;0.795
14.0360;-0.0899;0.4915;0.6824;0.846
14.0490;-0.0880;0.4915;0.7459;0.898
14.0700;-0.1055;0.5013;0.7557;0.913
14.0880;-0.1192;0.5150;0.7557;0.922
14.1070;-0.1437;0.5297;0.7899;0.962
14.1250;-0.1661;0.5424;0.8163;0.994
14.1550;-0.1427;0.5404;0.8046;0.980
14.1650;-0.1261;0.5404;0.8603;1.024
14.1840;-0.1290;0.5385;0.9111;1.066
14.2040;-0.1524;0.5472;0.9238;1.084
14.2220;-0.1691;0.5590;0.9335;1.101
14.2420;-0.1564;0.5560;0.9404;1.104
14.2620;-0.1632;0.5678;0.9404;1.111
14.2810;-0.1485;0.5775;0.8466;1.036
14.3000;-0.1427;0.5492;0.8104;0.989
14.3200;-0.2238;0.5433;1.0762;1.226
14.3380;-0.2238;0.5042;1.2697;1.384
14.3580;-0.1827;0.4837;1.2277;1.332
14.3780;-0.0899;0.4691;0.9814;1.091
14.3980;-0.0547;0.4593;0.8104;0.933
14.4160;-0.0195;0.4349;0.7870;0.899
14.4370;-0.0029;0.3987;0.8221;0.914
14.4640;-0.0068;0.3811;0.8261;0.910
14.4740;-0.0235;0.4016;0.7752;0.873
14.4940;-0.0528;0.4143;0.7518;0.860
14.5140;-0.0625;0.4095;0.7430;0.851
14.5410;-0.0547;0.3821;0.8075;0.895
14.5610;-0.0811;0.3616;1.0029;1.069
14.5720;-0.0909;0.3586;1.0733;1.135
14.5900;-0.0498;0.3459;0.9199;0.984
14.6110;-0.0332;0.3694;0.7459;0.833
14.6290;-0.0450;0.3948;0.6853;0.792
14.6620;-0.0518;0.4055;0.6834;0.796
14.6870;-0.0528;0.4046;0.7440;0.848
14.6900;-0.0479;0.3987;0.7977;0.893
14.7070;-0.0469;0.4124;0.8114;0.911
14.7260;-0.0567;0.4251;0.7909;0.900
14.7450;-0.0616;0.4290;0.7879;0.899
14.7670;-0.0547;0.4290;0.7791;0.891
14.7840;-0.0352;0.4290;0.7684;0.881
14.8050;-0.0274;0.4310;0.7889;0.899
14.8230;-0.0362;0.4437;0.8104;0.925
14.8420;-0.0557;0.4593;0.8153;0.937
14.8620;-0.0733;0.4691;0.8241;0.951
14.8810;-0.0684;0.4730;0.8231;0.952
14.9000;-0.0518;0.4730;0.8388;0.964
14.9200;-0.0606;0.4808;0.8485;0.977
14.9400;-0.0792;0.4935;0.8368;0.975
14.9610;-0.0616;0.5042;0.7371;0.895
14.9790;-0.0928;0.5150;0.6570;0.840
14.9970;-0.1954;0.5336;0.8847;1.051
15.0170;-0.1827;0.5150;1.1026;1.231
15.0390;-0.0919;0.4915;1.1622;1.265
15.0640;-0.0401;0.4915;0.9765;1.094
15.0760;-0.0244;0.5052;0.8290;0.971
15.0950;-0.0059;0.5052;0.8348;0.976
15.1130;-0.0235;0.5033;0.8407;0.980
15.1470;-0.0596;0.5101;0.7860;0.939
15.1520;-0.0909;0.5179;0.7567;0.921
15.1720;-0.0752;0.5062;0.7469;0.905
15.1910;-0.0469;0.4906;0.7821;0.924
15.2120;-0.0381;0.4837;0.8710;0.997
15.2290;-0.0342;0.4779;0.9248;1.041
15.2510;-0.0371;0.4749;0.9355;1.050
15.2890;-0.0332;0.4730;0.8857;1.005
15.2910;-0.0195;0.4730;0.7879;0.919
15.3080;-0.0235;0.4788;0.6892;0.840
15.3280;-0.0283;0.4808;0.6462;0.806
15.3470;-0.0283;0.4808;0.6531;0.811
15.3740;-0.0283;0.4808;0.6902;0.842
15.3840;-0.0469;0.4886;0.7293;0.879
15.4050;-0.0489;0.4935;0.7518;0.901
15.4250;-0.0410;0.4984;0.7479;0.900
15.4530;-0.0420;0.5072;0.7723;0.925
15.4630;-0.0391;0.5170;0.7811;0.937
15.4820;-0.0274;0.5170;0.7938;0.948
15.5010;-0.0303;0.5170;0.8075;0.959
15.5200;-0.0352;0.5209;0.8329;0.983
15.5470;-0.0459;0.5277;0.8202;0.976
15.5590;-0.0625;0.5453;0.8104;0.979
15.5810;-0.1016;0.5795;0.8544;1.037
15.5970;-0.1231;0.5971;0.9267;1.109
15.6170;-0.1231;0.6274;0.9580;1.152
15.6360;-0.1046;0.6362;0.8495;1.066
15.6570;-0.1495;0.6205;0.9140;1.115
15.6750;-0.1319;0.5609;1.1319;1.270
15.6940;-0.0762;0.5091;1.2013;1.307
15.7130;-0.0401;0.4984;1.0479;1.161
15.7330;-0.0762;0.5150;0.9111;1.049
15.7520;-0.0635;0.5052;0.8573;0.997
15.7720;-0.0137;0.4749;0.8964;1.015
15.7910;0.0156;0.4466;0.9326;1.034
15.8110;0.0264;0.4202;0.8720;0.968
15.8310;0.0264;0.4290;0.7635;0.876
15.8570;0.0147;0.4446;0.6892;0.820
15.8700;0.0049;0.4446;0.6951;0.825
15.8880;-0.0059;0.4349;0.7537;0.870
15.9080;-0.0254;0.4241;0.8300;0.932
15.9260;-0.0489;0.4270;0.8759;0.976
15.9500;-0.0420;0.4231;0.8417;0.943
15.9680;-0.0264;0.4231;0.7919;0.898
15.9860;-0.0127;0.4280;0.7449;0.859
16.0040;-0.0010;0.4349;0.6883;0.814
16.0230;-0.0225;0.4534;0.7019;0.836
16.0430;-0.0498;0.4661;0.7616;0.894
16.0630;-0.0469;0.4603;0.7899;0.915
16.0820;-0.0322;0.4632;0.7811;0.909
16.1010;-0.0195;0.4740;0.7381;0.877
16.1200;-0.0156;0.4769;0.7225;0.866
16.1420;-0.0107;0.4769;0.7664;0.903
16.1700;0.0010;0.4700;0.8280;0.952
16.1780;0.0088;0.4652;0.8749;0.991
16.1980;-0.0088;0.4769;0.8358;0.962
16.2180;-0.0274;0.4876;0.7870;0.926
16.2370;-0.0606;0.4955;0.7967;0.940
16.2570;-0.0684;0.4955;0.8974;1.027
16.2810;-0.0684;0.4955;0.9296;1.056
16.2950;-0.0752;0.5101;0.8866;1.026
16.3150;-0.0987;0.5326;0.7274;0.907
16.3550;-0.1642;0.5404;0.7244;0.919
16.3630;-0.2199;0.5306;0.9775;1.134
16.3820;-0.1476;0.4857;1.1876;1.292
16.3920;-0.0235;0.4622;1.1202;1.212
16.4140;0.0049;0.4671;0.9130;1.026
16.4380;-0.0010;0.4847;0.7625;0.904
16.4530;-0.0195;0.4906;0.7723;0.915
16.4820;-0.0205;0.4818;0.8192;0.951
16.4890;-0.0137;0.4700;0.8700;0.989
16.5140;-0.0528;0.4827;0.8603;0.988
16.5290;-0.0743;0.4896;0.8202;0.958
16.5470;-0.0518;0.4857;0.7664;0.909
16.5700;-0.0264;0.4759;0.8280;0.955
16.5990;-0.0078;0.4622;0.8935;1.006
16.6050;0.0039;0.4505;0.9208;1.025
16.6230;-0.0068;0.4573;0.8612;0.975
16.6430;-0.0147;0.4681;0.7831;0.912
16.6630;-0.0313;0.4769;0.7283;0.871
16.6840;-0.0459;0.4837;0.7176;0.867
16.7020;-0.0381;0.4827;0.7352;0.880
16.7200;-0.0293;0.4798;0.7449;0.887
16.7450;-0.0195;0.4798;0.7420;0.884
16.7600;-0.0235;0.4906;0.7537;0.900
16.7790;-0.0254;0.4906;0.7850;0.926
16.7980;-0.0195;0.4994;0.8075;0.950
16.8180;-0.0147;0.5023;0.8134;0.956
16.8360;-0.0274;0.5121;0.8192;0.966
16.8560;-0.0371;0.5160;0.8446;0.990
16.8770;-0.0342;0.5199;0.8134;0.966
16.8950;-0.0313;0.5277;0.7694;0.933
16.9150;-0.0616;0.5551;0.7576;0.941
16.9330;-0.1007;0.5727;0.8202;1.005
16.9520;-0.1202;0.5951;0.8671;1.059
16.9750;-0.1417;0.6000;0.9316;1.117
16.9920;-0.1661;0.6166;1.0166;1.201
17.0110;-0.1222;0.5912;1.0293;1.193
17.0310;-0.0782;0.5619;1.0322;1.178
17.0490;-0.0322;0.5150;1.0655;1.184
17.0690;-0.0127;0.4915;1.0450;1.155
17.0890;0.0000;0.4769;1.0107;1.118
17.1090;0.0029;0.4622;0.9668;1.072
17.1270;0.0156;0.4378;0.9267;1.025
17.1620;0.0303;0.4222;0.8720;0.969
17.1670;0.0420;0.4202;0.7997;0.904
17.1870;0.0274;0.4192;0.7625;0.871
17.2050;0.0020;0.4378;0.7586;0.876
17.2230;-0.0362;0.4495;0.7752;0.897
17.2570;-0.0831;0.4495;0.8485;0.964
17.2630;-0.1143;0.4525;0.9590;1.066
17.2820;-0.1046;0.4368;0.9736;1.072
17.3010;-0.0909;0.4300;0.9081;1.009
17.3210;-0.0674;0.4437;0.7870;0.906
17.3450;-0.0371;0.4417;0.7489;0.870
17.3610;-0.0195;0.4417;0.7088;0.835
17.3790;-0.0147;0.4495;0.6932;0.826
17.3980;-0.0293;0.4661;0.7117;0.851
17.4170;-0.0352;0.4720;0.7254;0.866
17.4470;-0.0264;0.4759;0.7332;0.875
17.4760;-0.0313;0.4798;0.7195;0.865
17.4800;-0.0264;0.4837;0.6932;0.846
17.4950;-0.0235;0.4857;0.6873;0.842
17.5140;-0.0235;0.4857;0.7449;0.890
17.5330;-0.0322;0.4857;0.8075;0.943
17.5540;-0.0450;0.4896;0.8515;0.983
17.5750;-0.0645;0.5013;0.7987;0.945
17.5910;-0.0889;0.5111;0.7625;0.922
17.6110;-0.1231;0.5150;0.8280;0.983
17.6300;-0.1417;0.5072;0.9550;1.091
17.6510;-0.0987;0.5023;0.9345;1.066
17.6730;-0.0381;0.4935;0.6648;0.829
17.6890;-0.1016;0.5033;0.5485;0.751
17.7070;-0.2345;0.5375;0.8505;1.033
17.7260;-0.2414;0.5140;1.1945;1.323
17.7520;-0.1437;0.4779;1.3508;1.440
17.7690;-0.0694;0.4759;1.1945;1.288
17.7860;-0.0528;0.4808;0.9384;1.056
17.8050;-0.0176;0.4808;0.7850;0.921
17.8240;0.0068;0.4749;0.7186;0.861
17.8430;-0.0186;0.4808;0.7459;0.888
17.8630;-0.0870;0.4925;0.7576;0.908
17.8930;-0.1055;0.5003;0.7459;0.904
17.9030;-0.1026;0.5003;0.7508;0.908
17.9210;-0.0889;0.4945;0.8124;0.955
17.9430;-0.0577;0.4847;0.8886;1.014
17.9600;-0.0147;0.4700;0.9257;1.038
17.9790;0.0137;0.4691;0.8368;0.959
18.0010;0.0137;0.4818;0.6971;0.847
18.0210;0.0098;0.4964;0.6169;0.792
18.0370;0.0049;0.5003;0.6365;0.810
18.0590;-0.0039;0.5003;0.7342;0.888
18.0850;-0.0186;0.5091;0.7782;0.930
18.0940;-0.0098;0.5062;0.7723;0.923
18.1140;-0.0098;0.5121;0.7576;0.915
18.1360;-0.0098;0.5121;0.7889;0.941
18.1530;0.0000;0.5033;0.8124;0.956
18.1760;-0.0186;0.5033;0.7870;0.934
18.1960;-0.0459;0.5033;0.7537;0.907
18.2110;-0.0469;0.4974;0.7449;0.897
18.2430;-0.0489;0.4896;0.7762;0.919
18.2500;-0.0723;0.4964;0.8036;0.947
18.2690;-0.1134;0.5091;0.8554;1.002
18.2890;-0.1134;0.5492;0.8085;0.984
18.3080;-0.0987;0.5639;0.7147;0.916
18.3270;-0.1554;0.5619;0.8563;1.036
18.3550;-0.1495;0.5150;1.1720;1.289
18.3660;-0.1163;0.4876;1.2424;1.340
18.3860;-0.0625;0.4876;0.9345;1.056
18.4050;-0.0166;0.4857;0.7586;0.901
18.4240;0.0000;0.4798;0.8036;0.936
18.4430;0.0235;0.4505;0.9883;1.086
18.4680;0.0391;0.4349;1.0508;1.138
18.4820;0.0274;0.4495;0.9609;1.061
18.5010;0.0098;0.4661;0.8886;1.003
18.5240;-0.0078;0.4700;0.8563;0.977
18.5410;-0.0049;0.4700;0.8329;0.956
18.5590;-0.0117;0.4603;0.8730;0.987
18.5790;-0.0264;0.4593;0.9189;1.028
18.5990;-0.0303;0.4554;0.9111;1.019
18.6190;-0.0088;0.4456;0.8632;0.971
18.6360;0.0029;0.4378;0.8173;0.927
18.6560;0.0195;0.4300;0.7821;0.893
18.6760;0.0176;0.4358;0.7576;0.874
18.6960;0.0068;0.4495;0.7371;0.863
18.7150;-0.0059;0.4603;0.7352;0.867
18.7340;-0.0225;0.4691;0.7635;0.896
18.7670;-0.0225;0.4769;0.7831;0.917
18.7740;-0.0117;0.4769;0.7713;0.907
18.7970;-0.0186;0.4857;0.7352;0.881
18.8120;-0.0244;0.4915;0.7352;0.885
18.8320;-0.0293;0.4955;0.7772;0.922
18.8510;-0.0186;0.4867;0.8339;0.966
18.8790;-0.0215;0.4867;0.8642;0.992
18.8890;-0.0215;0.4945;0.8231;0.960
18.9120;-0.0078;0.4925;0.8085;0.947
18.9290;-0.0127;0.4915;0.8006;0.940
18.9480;-0.0215;0.4886;0.8671;0.996
18.9760;-0.0235;0.4847;0.9111;1.032
18.9860;-0.0391;0.4886;0.8046;0.942
19.0050;-0.1495;0.4984;0.8466;0.994
19.0250;-0.1935;0.4955;1.0606;1.186
19.0450;-0.1143;0.4681;1.1994;1.293
19.0650;-0.0567;0.4476;1.2033;1.285
19.0970;-0.0567;0.4515;1.1055;1.196
19.1030;-0.0919;0.4544;1.0528;1.150
19.1260;-0.1192;0.4485;0.9932;1.096
19.1430;-0.0967;0.4349;0.8984;1.003
19.1670;-0.0743;0.4241;0.8046;0.913
19.1980;-0.0743;0.4202;0.7381;0.853
19.2010;-0.0665;0.4192;0.6912;0.811
19.2200;-0.0665;0.4143;0.6648;0.786
19.2380;-0.0870;0.4114;0.7743;0.881
19.2590;-0.1065;0.4016;0.9150;1.005
19.2890;-0.1134;0.4016;0.9658;1.052
19.2990;-0.0840;0.4075;0.9160;1.006
19.3240;-0.0498;0.4036;0.8407;0.934
19.3380;-0.0293;0.4104;0.7723;0.875
19.3540;-0.0430;0.4212;0.7430;0.855
19.3750;-0.0811;0.4349;0.7469;0.868
19.4110;-0.0840;0.4456;0.7420;0.870
19.4140;-0.0811;0.4564;0.7645;0.894
19.4310;-0.0684;0.4613;0.7586;0.890
19.4520;-0.0684;0.4691;0.7518;0.889
19.4700;-0.0694;0.4759;0.7518;0.892
19.4900;-0.0694;0.4847;0.7645;0.908
19.5090;-0.0547;0.4847;0.7713;0.913
19.5290;-0.0440;0.4886;0.7762;0.918
19.5480;-0.0410;0.4925;0.7938;0.935
19.5770;-0.0684;0.5072;0.8173;0.964
19.5880;-0.1417;0.5394;0.8681;1.032
19.6070;-0.1945;0.5805;0.8603;1.056
19.6250;-0.2081;0.6020;0.8720;1.080
19.6440;-0.2081;0.6059;0.9619;1.156
19.6640;-0.1896;0.6059;1.0254;1.206
19.6880;-0.1104;0.5961;0.9736;1.147
19.7040;-0.0430;0.6059;0.7860;0.993
19.7230;-0.0694;0.6176;0.7283;0.957
19.7420;-0.1495;0.6000;0.9805;1.159
19.7600;-0.1222;0.5375;1.2404;1.357
19.7800;-0.0371;0.4896;1.2199;1.315
19.8050;-0.0225;0.4935;0.9463;1.067
19.8220;-0.0391;0.5013;0.7635;0.914
19.8420;-0.0342;0.4935;0.7283;0.880
19.8600;-0.0039;0.4798;0.7528;0.893
19.8970;-0.0049;0.4740;0.7791;0.912
19.8990;-0.0303;0.4769;0.7791;0.914
19.9180;-0.0381;0.4769;0.7352;0.877
19.9420;-0.0381;0.4671;0.7000;0.842
19.9550;-0.0430;0.4573;0.7420;0.873
19.9750;-0.0322;0.4280;0.8436;0.947
19.9940;-0.0147;0.4016;0.8896;0.976
20.0120;-0.0166;0.4163;0.8622;0.958
20.0310;-0.0166;0.4290;0.8036;0.911
20.0510;-0.0166;0.4398;0.7449;0.865
20.0710;-0.0166;0.4437;0.6951;0.825
20.0980;-0.0195;0.4505;0.7059;0.838
20.1090;-0.0225;0.4534;0.7733;0.897
20.1280;-0.0147;0.4564;0.7645;0.890
20.1480;0.0029;0.4613;0.7117;0.848
20.1720;0.0029;0.4730;0.6199;0.780
20.1910;0.0078;0.4788;0.6306;0.792
20.2050;0.0078;0.4837;0.7010;0.852
20.2250;-0.0010;0.4906;0.7664;0.910
20.2460;-0.0049;0.4935;0.7733;0.917
20.2640;-0.0254;0.5013;0.7860;0.933
20.2850;-0.0420;0.5130;0.8114;0.961
20.3030;-0.0459;0.5238;0.8495;0.999
20.3210;-0.0489;0.5267;0.8935;1.038
20.3410;-0.0743;0.5453;0.9228;1.074
20.3610;-0.1329;0.5717;0.9853;1.147
20.3810;-0.1915;0.5902;1.0391;1.210
20.4000;-0.1808;0.5854;0.9609;1.140
20.4190;-0.1593;0.5590;0.6853;0.899
20.4380;-0.2521;0.5551;0.8065;1.011
20.4900;-0.2502;0.5062;1.1456;1.277
20.4910;-0.0880;0.4505;1.1681;1.255
20.5030;-0.0205;0.4329;1.0381;1.125
20.5300;-0.0205;0.4485;0.9160;1.020
20.5340;-0.0322;0.4642;0.8358;0.957
20.5540;-0.0371;0.4613;0.7977;0.922
20.5760;-0.0371;0.4446;0.8192;0.933
20.5950;-0.0479;0.4329;0.8192;0.928
20.6140;-0.0743;0.4456;0.7860;0.907
20.6320;-0.1007;0.4613;0.7459;0.883
20.6510;-0.0821;0.4564;0.7274;0.863
20.6730;-0.0557;0.4368;0.7811;0.897
20.6970;-0.0625;0.4280;0.9316;1.027
20.7090;-0.0713;0.4241;1.0117;1.099
20.7290;-0.0596;0.4241;0.8945;0.992
20.7530;-0.0557;0.4476;0.7322;0.860
20.7670;-0.0596;0.4593;0.6423;0.792
20.7940;-0.0596;0.4632;0.7068;0.847
20.8070;-0.0596;0.4710;0.7948;0.926
20.8250;-0.0479;0.4681;0.8798;0.998
20.8540;-0.0831;0.4906;0.8251;0.963
20.8720;-0.1368;0.5189;0.7567;0.928
20.8830;-0.1857;0.5482;0.7616;0.957
20.9020;-0.1652;0.5433;0.7938;0.976
20.9250;-0.1407;0.5394;0.8173;0.989
20.9410;-0.1290;0.5453;0.7704;0.953
20.9670;-0.1339;0.5727;0.7303;0.938
20.9800;-0.1212;0.5756;0.6736;0.894
21.0030;-0.1016;0.5678;0.7254;0.927
21.0210;-0.1124;0.5619;0.8290;1.008
21.0400;-0.1368;0.5678;0.9414;1.108
21.0590;-0.1466;0.5775;0.9511;1.122
21.0790;-0.1192;0.6020;0.8974;1.087
21.1150;-0.0977;0.6108;0.6824;0.921
21.1200;-0.1016;0.5756;0.7860;0.979
21.1370;-0.1720;0.5482;1.2541;1.379
21.1550;-0.1583;0.5023;1.5013;1.591
21.1880;-0.1720;0.5062;1.2609;1.370
21.2060;-0.1554;0.5101;0.9550;1.094
21.2130;-0.1026;0.4886;0.8524;0.988
21.2330;-0.0498;0.4720;0.7987;0.929
21.2510;-0.0156;0.4398;0.7977;0.911
21.2710;-0.0371;0.4495;0.7674;0.890
21.2970;-0.1143;0.4759;0.6238;0.793
21.3100;-0.1085;0.4700;0.6042;0.773
21.3290;-0.0342;0.4280;0.7850;0.895
21.3480;0.0088;0.3596;0.9599;1.025
21.3690;0.0225;0.3528;0.9658;1.028
21.3960;0.0166;0.3870;0.8495;0.934
21.4110;-0.0137;0.4290;0.7772;0.888
21.4280;-0.0235;0.4358;0.7557;0.873
21.4450;-0.0195;0.4358;0.7361;0.856
21.4630;-0.0244;0.4515;0.6961;0.830
21.4840;-0.0303;0.4622;0.6824;0.825
21.5060;-0.0264;0.4671;0.7244;0.862
21.5220;-0.0166;0.4671;0.7361;0.872
21.5440;-0.0078;0.4700;0.6990;0.842
21.5610;-0.0078;0.4730;0.6990;0.844
21.5920;-0.0088;0.4779;0.7127;0.858
21.6010;0.0107;0.4681;0.7606;0.893
21.6210;0.0235;0.4573;0.8388;0.956
21.6400;0.0186;0.4622;0.8612;0.978
21.6580;0.0166;0.4671;0.8231;0.947
21.6830;-0.0029;0.4847;0.7840;0.922
21.7020;-0.0410;0.5003;0.8221;0.963
21.7150;-0.0469;0.5052;0.8749;1.011
21.7360;-0.0577;0.5257;0.9033;1.047
21.7630;-0.1163;0.5560;0.8182;0.996
21.7810;-0.1837;0.5668;0.8046;1.001
21.7930;-0.1964;0.5385;1.0068;1.159
21.8120;-0.0938;0.4945;1.1437;1.249
21.8320;-0.0068;0.4788;1.0616;1.165
21.8510;-0.0107;0.4867;0.9023;1.025
21.8780;-0.0489;0.4994;0.9003;1.031
21.8890;-0.0547;0.4935;0.9111;1.038
21.9100;-0.0342;0.4808;0.8691;0.994
21.9290;-0.0508;0.4808;0.8163;0.949
21.9480;-0.0928;0.4896;0.8231;0.962
21.9680;-0.0997;0.4867;0.8534;0.987
21.9920;-0.0997;0.4798;0.9208;1.043
22.0060;-0.1065;0.4788;0.9619;1.080
22.0260;-0.0772;0.4661;0.9785;1.087
22.0450;-0.0215;0.4466;0.8935;0.999
22.0640;0.0088;0.4398;0.7733;0.890
22.0840;0.0088;0.4427;0.7176;0.843
22.1030;0.0117;0.4437;0.7156;0.842
22.1220;-0.0010;0.4525;0.7449;0.872
22.1420;-0.0303;0.4661;0.7625;0.894
22.1610;-0.0303;0.4759;0.7410;0.881
22.1810;-0.0303;0.4818;0.7244;0.871
22.2040;-0.0254;0.4798;0.7664;0.905
22.2210;-0.0215;0.4788;0.8261;0.955
22.2400;-0.0254;0.4788;0.8554;0.981
22.2600;-0.0518;0.4935;0.8016;0.943
22.2790;-0.0733;0.5091;0.7674;0.924
22.3030;-0.0723;0.5140;0.7752;0.933
22.3170;-0.1065;0.5297;0.8182;0.981
22.3360;-0.1358;0.5404;0.8446;1.012
22.3550;-0.1583;0.5619;0.8700;1.048
22.3830;-0.1290;0.5472;0.8681;1.034
22.3990;-0.0596;0.5306;0.9023;1.048
22.4120;-0.0840;0.5834;0.7889;0.985
22.4320;-0.1524;0.6215;0.7420;0.980
22.4510;-0.2189;0.6264;1.0469;1.239
22.4780;-0.1896;0.5404;1.4241;1.535
22.4900;-0.0987;0.4915;1.4300;1.515
22.5090;-0.0342;0.4876;0.9922;1.106
22.5290;-0.0225;0.4984;0.6570;0.825
22.5480;0.0127;0.4935;0.5642;0.750
22.5720;0.0440;0.4691;0.7313;0.870
22.5970;0.0430;0.4398;0.9062;1.008
22.6050;0.0205;0.4388;1.0098;1.101
22.6250;0.0098;0.4358;1.0391;1.127
22.6450;0.0293;0.4212;1.0958;1.174
22.6680;0.0147;0.4114;1.0479;1.126
22.6880;0.0000;0.4202;0.8945;0.988
22.7040;0.0068;0.4134;0.7303;0.839
22.7220;0.0098;0.4173;0.6629;0.783
22.7420;0.0156;0.4124;0.6521;0.772
22.7620;0.0342;0.3977;0.7000;0.806
22.7810;0.0342;0.3928;0.7625;0.858
22.8150;0.0137;0.4124;0.8212;0.919
22.8190;-0.0010;0.4407;0.8016;0.915
22.8390;0.0049;0.4534;0.7840;0.906
22.8600;0.0107;0.4642;0.7723;0.901
22.8770;0.0059;0.4642;0.8427;0.962
22.8980;0.0059;0.4691;0.9150;1.028
22.9160;0.0020;0.4759;0.9150;1.031
22.9350;0.0020;0.4818;0.8397;0.968
22.9550;0.0137;0.4867;0.7391;0.885
22.9730;0.0274;0.4876;0.7342;0.882
22.9930;0.0235;0.4896;0.7801;0.921
23.0160;0.0244;0.4867;0.8563;0.985
23.0330;0.0059;0.4935;0.8632;0.994
23.0510;-0.0049;0.4994;0.8788;1.011
23.0720;-0.0264;0.5238;0.8583;1.006
23.1000;-0.0567;0.5619;0.7352;0.927
23.1110;-0.1573;0.5932;0.6580;0.900
23.1290;-0.2238;0.5727;0.9414;1.124
23.1480;-0.1544;0.4915;1.2756;1.376
23.1670;-0.0840;0.4652;1.2785;1.363
23.1990;-0.0303;0.4642;0.9726;1.078
23.2060;-0.0479;0.4827;0.7743;0.914
23.2260;-0.0811;0.4857;0.7909;0.932
23.2470;-0.0811;0.4671;0.8798;0.999
23.2650;-0.0752;0.4525;0.8993;1.010
23.2870;-0.0870;0.4525;0.8290;0.948
23.3090;-0.1075;0.4613;0.7801;0.913
23.3220;-0.0850;0.4515;0.7791;0.905
23.3410;-0.0430;0.4319;0.8153;0.924
23.3610;-0.0107;0.4055;0.8827;0.971
23.3810;0.0020;0.4007;0.8691;0.957
23.4010;-0.0068;0.4310;0.7899;0.900
23.4210;-0.0068;0.4437;0.7401;0.863
23.4390;-0.0068;0.4554;0.7156;0.848
23.4670;-0.0264;0.4700;0.7381;0.875
23.4940;-0.0518;0.4857;0.7694;0.911
23.4970;-0.0518;0.4896;0.7860;0.927
23.5150;-0.0420;0.4974;0.8143;0.955
23.5400;-0.0156;0.4945;0.8593;0.992
23.5550;-0.0459;0.5257;0.7967;0.956
23.5860;-0.0928;0.5727;0.7655;0.960
23.6120;-0.0391;0.5512;0.7879;0.962
23.6150;-0.0235;0.5492;0.8436;1.007
23.6320;-0.1085;0.6440;0.8231;1.051
23.6510;-0.1945;0.7261;0.7733;1.078
23.6750;-0.1945;0.7456;0.7547;1.079
23.7070;-0.1632;0.7251;0.8036;1.095
23.7110;-0.1085;0.6860;0.9130;1.147
23.7290;-0.0244;0.6674;0.9199;1.137
23.7480;0.0274;0.6841;0.8212;1.069
23.7670;0.0508;0.6782;0.5749;0.891
23.7870;0.0401;0.6293;0.6638;0.916
23.8180;0.0244;0.5560;1.1964;1.320
23.8270;0.0039;0.4886;1.6626;1.733
23.8450;-0.0743;0.5052;1.4593;1.546
23.8640;-0.0821;0.5257;0.8876;1.035
23.8840;-0.0391;0.5209;0.5436;0.754
23.9030;0.0039;0.5033;0.5739;0.763
23.9230;-0.0088;0.4925;0.7791;0.922
23.9430;-0.0088;0.4915;0.9072;1.032
23.9610;-0.0088;0.4915;0.9472;1.067
23.9800;-0.0088;0.4915;0.8612;0.992
23.9990;0.0020;0.4915;0.7625;0.907
24.0200;0.0322;0.4876;0.7332;0.881
24.0380;0.0322;0.4876;0.7244;0.874
24.0580;0.0293;0.4876;0.7147;0.866
24.0810;0.0029;0.4994;0.6296;0.804
24.1080;-0.0107;0.5033;0.5456;0.742
24.1160;-0.0195;0.5072;0.5280;0.732
24.1350;-0.0195;0.5033;0.5798;0.768
24.1560;-0.0088;0.5013;0.6316;0.806
24.1740;0.0059;0.4994;0.6795;0.843
24.2070;0.0107;0.5072;0.6775;0.846
24.2130;0.0029;0.5209;0.6619;0.842
24.2470;-0.0049;0.5287;0.6765;0.859
24.2530;-0.0049;0.5277;0.7537;0.920
24.2720;0.0264;0.5130;0.7919;0.944
24.2970;0.0401;0.5101;0.7537;0.911
24.3200;0.0235;0.5267;0.7430;0.911
24.3390;0.0059;0.5482;0.7596;0.937
24.3480;0.0010;0.5560;0.7576;0.940
24.3670;0.0020;0.5609;0.7752;0.957
24.3920;-0.0049;0.5795;0.7879;0.978
24.4170;-0.0205;0.6078;0.8124;1.015
24.4260;-0.0430;0.6166;0.8788;1.074
24.4440;-0.0694;0.6362;0.9296;1.129
24.4640;-0.1036;0.6440;0.8153;1.044
24.4840;-0.1847;0.6557;0.7870;1.041
24.5030;-0.2003;0.6020;1.0293;1.209
24.5220;-0.0606;0.5111;1.1769;1.284
24.5410;0.0049;0.4955;1.1114;1.217
24.5610;-0.0254;0.5218;0.8524;1.000
24.5830;-0.0909;0.5599;0.7107;0.909
24.6010;-0.1212;0.5433;0.7576;0.940
24.6190;-0.0928;0.5052;0.8622;1.004
24.6410;-0.0870;0.4935;0.8984;1.029
24.6570;-0.1270;0.5111;0.7909;0.950
24.6860;-0.1329;0.5267;0.6707;0.863
24.6960;-0.1300;0.5238;0.7088;0.891
24.7150;-0.0977;0.5033;0.8094;0.958
24.7350;-0.0205;0.4808;0.8896;1.011
24.7550;0.0156;0.4700;0.8837;1.001
24.7730;0.0156;0.4788;0.7791;0.915
24.7930;0.0029;0.4847;0.6912;0.844
24.8130;-0.0264;0.4915;0.6531;0.818
24.8330;-0.0420;0.4915;0.6883;0.847
24.8510;-0.0244;0.4906;0.6922;0.849
24.8710;-0.0264;0.4935;0.7107;0.866
24.8900;-0.0264;0.5013;0.6629;0.832
24.9170;-0.0342;0.5111;0.6091;0.796
24.9290;-0.0772;0.5375;0.6873;0.876
24.9480;-0.0586;0.5326;0.7870;0.952
24.9680;-0.0107;0.5111;0.8661;1.006
24.9970;-0.0147;0.5228;0.8397;0.989
25.0060;-0.0410;0.5590;0.7704;0.953
25.0270;-0.0674;0.5863;0.7469;0.952
25.0460;-0.1036;0.6069;0.7977;1.008
25.0640;-0.1349;0.6244;0.8906;1.096
25.0980;-0.1466;0.6420;0.9472;1.154
25.1020;-0.1309;0.6635;0.9423;1.160
25.1240;-0.0684;0.7114;0.8319;1.097
25.1420;-0.0440;0.7153;0.6629;0.976
25.1780;-0.1026;0.6977;0.8446;1.100
25.2010;-0.1730;0.6196;1.3381;1.485
25.2080;-0.0792;0.5160;1.5150;1.602
25.2210;-0.0469;0.5160;1.1867;1.295
25.2390;-0.0665;0.5424;0.8407;1.003
25.2580;-0.0674;0.5375;0.7195;0.901
25.2770;-0.0264;0.5130;0.6922;0.862
25.3070;-0.0039;0.4925;0.7117;0.866
25.3160;0.0068;0.4808;0.7410;0.883
25.3360;-0.0059;0.4769;0.7743;0.909
25.3550;-0.0362;0.4730;0.8378;0.963
25.3930;-0.0469;0.4642;0.8945;1.009
25.3950;-0.0401;0.4466;0.9101;1.015
25.4210;-0.0235;0.4251;0.8651;0.964
25.4320;-0.0127;0.4192;0.7606;0.869
25.4510;-0.0078;0.4251;0.6482;0.775
25.4730;-0.0078;0.4251;0.5632;0.706
25.4900;-0.0195;0.4407;0.5661;0.718
25.5120;-0.0313;0.4495;0.6677;0.806
25.5290;-0.0342;0.4613;0.6980;0.837
25.5480;-0.0283;0.4759;0.6453;0.802
25.5670;-0.0518;0.4896;0.6570;0.821
25.5900;-0.0518;0.4925;0.7459;0.895
25.6070;-0.0264;0.4925;0.7997;0.940
25.6250;-0.0215;0.4925;0.7860;0.928
25.6460;-0.0557;0.5170;0.7352;0.900
25.6640;-0.0899;0.5365;0.7264;0.907
25.6830;-0.0958;0.5414;0.7498;0.930
25.7020;-0.0704;0.5257;0.7831;0.946
25.7230;-0.0508;0.5257;0.7997;0.958
25.7420;-0.0909;0.5599;0.8231;1.000
25.7640;-0.1261;0.5785;0.8964;1.074
25.7810;-0.1427;0.6088;0.9267;1.118
25.8080;-0.1427;0.6293;0.7919;1.021
25.8200;-0.2023;0.6391;0.7899;1.036
25.8380;-0.2238;0.5981;1.0049;1.191
25.8590;-0.1427;0.5140;1.1876;1.302
25.8780;-0.0665;0.4847;1.1759;1.274
25.9010;-0.0577;0.4847;0.9296;1.050
25.9240;-0.0586;0.4945;0.7401;0.892
25.9340;-0.0391;0.4925;0.6453;0.813
25.9540;-0.0176;0.4867;0.6775;0.834
25.9750;-0.0537;0.4955;0.7195;0.875
26.0070;-0.0821;0.4994;0.7782;0.928
26.0150;-0.1222;0.5013;0.8857;1.025
26.0310;-0.1182;0.4935;1.0088;1.129
26.0510;-0.0518;0.4769;1.0147;1.122
26.0860;-0.0127;0.4700;0.8739;0.992
26.0910;0.0010;0.4730;0.7176;0.859
26.1120;0.0137;0.4730;0.6208;0.781
26.1300;-0.0020;0.4827;0.5515;0.733
26.1480;-0.0508;0.4935;0.6042;0.782
26.1690;-0.0801;0.4984;0.7342;0.891
26.1870;-0.0430;0.4896;0.7664;0.910
26.2190;-0.0156;0.4837;0.8006;0.936
26.2250;-0.0322;0.4896;0.8456;0.978
26.2450;-0.0322;0.4955;0.8730;1.004
26.2800;-0.0215;0.5052;0.8309;0.973
26.2840;0.0020;0.5130;0.7977;0.948
26.3240;-0.0059;0.5287;0.7762;0.939
26.3260;-0.0235;0.5414;0.7625;0.935
26.3450;-0.0577;0.5678;0.7684;0.957
26.3610;-0.0684;0.5717;0.8055;0.990
26.3790;-0.0489;0.5599;0.8192;0.993
26.4020;-0.0450;0.5717;0.8691;1.041
26.4220;-0.0401;0.6049;0.8476;1.042
26.4380;-0.0567;0.6186;0.7928;1.007
26.4570;-0.1368;0.6157;1.0107;1.191
26.4760;-0.1407;0.5658;1.2433;1.373
26.4970;-0.0840;0.5160;1.2238;1.331
26.5240;-0.0313;0.5082;0.9687;1.094
26.5340;-0.0401;0.5140;0.7948;0.947
26.5540;-0.0303;0.5033;0.8114;0.955
26.5750;0.0020;0.4876;0.8290;0.962
26.5920;0.0098;0.4867;0.7899;0.928
26.6120;-0.0215;0.4935;0.7635;0.909
26.6330;-0.0401;0.4925;0.7576;0.905
26.6550;-0.0469;0.4915;0.7762;0.920
26.6720;-0.0283;0.4827;0.8251;0.956
26.6890;-0.0166;0.4798;0.8280;0.957
26.7090;-0.0098;0.4779;0.7967;0.929
26.7300;0.0029;0.4749;0.7596;0.896
26.7510;0.0127;0.4700;0.7361;0.874
26.7670;0.0127;0.4691;0.7264;0.865
26.7870;0.0117;0.4691;0.7176;0.857
26.8090;-0.0068;0.4769;0.6912;0.840
26.8330;-0.0127;0.4769;0.6863;0.836
26.8440;-0.0254;0.4798;0.7147;0.861
26.8640;-0.0450;0.4896;0.7410;0.889
26.8830;-0.0459;0.4994;0.7401;0.894
26.9020;-0.0469;0.5130;0.7176;0.883
26.9300;-0.0440;0.5228;0.6804;0.859
26.9410;-0.0518;0.5297;0.7117;0.889
26.9660;-0.0381;0.5160;0.7831;0.939
26.9830;-0.0264;0.5121;0.8163;0.964
26.9990;-0.0264;0.5170;0.7821;0.938
27.0280;-0.0371;0.5306;0.7752;0.940
27.0390;-0.0811;0.5424;0.8524;1.014
27.0580;-0.0850;0.5424;0.9111;1.064
27.0760;-0.0811;0.5502;0.7469;0.931
27.0970;-0.1622;0.5834;0.6951;0.922
27.1190;-0.2375;0.5766;1.0479;1.219
27.1360;-0.1720;0.5003;1.4290;1.524
27.1540;-0.1182;0.4857;1.3811;1.469
27.1730;-0.0625;0.4945;0.9013;1.030
27.1960;-0.0909;0.5287;0.6609;0.851
27.2180;-0.1397;0.5385;0.7117;0.903
27.2310;-0.1173;0.5082;0.8094;0.963
27.2510;-0.0616;0.4857;0.8251;0.959
27.2700;-0.0889;0.4906;0.7909;0.935
27.2890;-0.1407;0.5091;0.7498;0.917
27.3090;-0.1231;0.5072;0.7283;0.896
27.3440;-0.0684;0.4915;0.7332;0.885
27.3490;-0.0176;0.4730;0.7713;0.905
27.3660;0.0137;0.4564;0.8143;0.934
27.3850;0.0195;0.4622;0.7674;0.896
27.4050;0.0156;0.4730;0.7010;0.846
27.4290;0.0098;0.4818;0.6472;0.807
27.4440;0.0137;0.4818;0.6531;0.812
27.4640;0.0059;0.4847;0.6873;0.841
27.4830;-0.0254;0.4945;0.7254;0.878
27.5020;-0.0362;0.5003;0.7479;0.901
27.5360;-0.0489;0.5072;0.7889;0.939
27.5670;-0.0674;0.5160;0.8603;1.005
27.5730;-0.0635;0.5297;0.8261;0.983
27.5800;-0.0713;0.5560;0.7586;0.943
27.6020;-0.1036;0.6049;0.7274;0.952
27.6240;-0.1466;0.6596;0.7088;0.979
27.6370;-0.1837;0.6743;0.7410;1.019
27.6580;-0.2033;0.6733;0.8769;1.124
27.6770;-0.2160;0.6606;1.0049;1.222
27.6960;-0.1671;0.6244;1.0508;1.234
27.7260;-0.0635;0.6186;0.9472;1.133
27.7350;0.0029;0.6626;0.7019;0.965
27.7600;-0.0313;0.6860;0.6179;0.924
27.7760;-0.1505;0.6665;1.0176;1.226
27.7940;-0.1446;0.5727;1.3616;1.484
27.8280;-0.0635;0.5121;1.2785;1.379
27.8310;-0.0459;0.5179;0.9052;1.044
27.8550;-0.0694;0.5238;0.8573;1.007
27.8700;-0.0186;0.4847;0.9746;1.089
27.9070;0.0156;0.4564;0.9208;1.028
27.9120;0.0088;0.4661;0.7704;0.900
27.9360;-0.0186;0.4749;0.7098;0.854
27.9470;-0.0235;0.4720;0.7342;0.873
27.9670;-0.0391;0.4720;0.7674;0.902
27.9860;-0.0430;0.4720;0.7743;0.908
28.0150;-0.0303;0.4691;0.7821;0.912
28.0360;-0.0156;0.4681;0.7948;0.923
28.0450;0.0195;0.4417;0.8417;0.951
28.0640;0.0352;0.4310;0.8075;0.916
28.0820;0.0332;0.4427;0.7547;0.876
28.1050;0.0283;0.4554;0.7225;0.854
28.1230;0.0205;0.4495;0.7449;0.870
28.1420;0.0264;0.4446;0.7713;0.891
28.1600;0.0362;0.4544;0.7322;0.863
28.1790;0.0244;0.4720;0.7215;0.863
28.2080;0.0117;0.4808;0.7342;0.878
28.2270;0.0117;0.4876;0.7274;0.876
28.2530;0.0195;0.4876;0.7127;0.864
28.2570;0.0195;0.4945;0.7127;0.868
28.2780;0.0254;0.4945;0.7821;0.926
28.2950;0.0420;0.4915;0.8505;0.983
28.3200;0.0420;0.4915;0.8896;1.017
28.3340;0.0010;0.5111;0.9111;1.045
28.3530;-0.0489;0.5512;0.9287;1.081
28.3730;-0.0459;0.5697;0.8964;1.063
28.3920;-0.0772;0.5697;0.8065;0.990
28.4170;-0.1309;0.5424;0.9863;1.133
28.4390;-0.0684;0.4984;1.0567;1.170
28.4500;0.0000;0.4798;1.0186;1.126
28.4700;0.0000;0.4779;0.9482;1.062
28.4890;-0.0567;0.4867;0.9130;1.036
28.5140;-0.0801;0.4837;0.9433;1.063
28.5360;-0.0381;0.4652;0.9042;1.018
28.5470;-0.0186;0.4564;0.8563;0.971
28.5670;-0.0303;0.4652;0.8632;0.981
28.5860;-0.0489;0.4730;0.8348;0.961
28.6050;-0.0537;0.4759;0.8397;0.967
28.6280;-0.0489;0.4759;0.8485;0.974
28.6550;-0.0401;0.4671;0.8818;0.999
28.6630;-0.0332;0.4554;0.8935;1.003
28.6980;-0.0235;0.4554;0.7977;0.919
28.7030;-0.0078;0.4583;0.6853;0.824
28.7210;-0.0107;0.4720;0.5984;0.762
28.7600;-0.0215;0.4720;0.7332;0.872
28.7790;-0.0264;0.4749;0.8104;0.940
28.8070;-0.0088;0.4779;0.8104;0.941
28.8260;-0.0088;0.4857;0.7616;0.903
28.8380;-0.0088;0.4935;0.7850;0.927
28.8580;0.0000;0.4886;0.9160;1.038
28.8800;-0.0088;0.4886;0.9160;1.038
28.8970;-0.0450;0.5101;0.7899;0.941
28.9250;-0.1222;0.5560;0.7557;0.946
28.9340;-0.1681;0.5990;0.7508;0.975
28.9530;-0.1466;0.6069;0.7508;0.976
28.9730;-0.1202;0.6176;0.7674;0.992
28.9920;-0.1779;0.6518;0.8417;1.079
29.0180;-0.2130;0.6626;0.9658;1.190
29.0570;-0.2306;0.6880;1.0596;1.284
29.0600;-0.2072;0.7114;0.9834;1.231
29.0700;-0.1427;0.7104;0.8221;1.096
29.0920;-0.0948;0.6235;0.9961;1.179
29.1080;0.0156;0.4935;1.3665;1.453
29.1290;0.0850;0.4222;1.5130;1.573
29.1550;0.0782;0.4085;1.3068;1.371
29.1670;0.0362;0.4456;0.9394;1.040
29.1850;0.0195;0.4613;0.7322;0.866
29.2060;0.0322;0.4446;0.7225;0.849
29.2290;0.0362;0.4134;0.7870;0.890
29.2440;0.0264;0.3919;0.8730;0.957
29.2630;0.0127;0.4036;0.8173;0.912
29.2840;0.0020;0.4075;0.7762;0.877
29.3010;-0.0068;0.4173;0.8065;0.908
29.3240;-0.0068;0.4114;0.8691;0.962
29.3470;-0.0176;0.4095;0.9375;1.023
29.3600;-0.0293;0.3968;0.9746;1.053
29.3790;-0.0381;0.3928;0.8915;0.975
29.3990;-0.0205;0.4026;0.7391;0.842
29.4210;-0.0098;0.4016;0.6570;0.770
29.4490;-0.0039;0.4173;0.6414;0.765
29.4570;-0.0068;0.4329;0.6638;0.793
29.4770;-0.0107;0.4515;0.7029;0.835
29.4970;-0.0107;0.4652;0.6961;0.837
29.5230;-0.0107;0.4740;0.6746;0.825
29.5590;-0.0029;0.4788;0.7391;0.881
29.5650;-0.0107;0.4857;0.8016;0.937
29.5730;-0.0195;0.4925;0.8212;0.958
29.6100;-0.0322;0.4955;0.8358;0.972
29.6200;-0.0322;0.4955;0.8104;0.950
29.6440;-0.0117;0.4896;0.7909;0.930
29.6500;-0.0264;0.4964;0.8104;0.951
29.6700;-0.0537;0.4994;0.8847;1.017
29.6880;-0.0938;0.5082;0.9277;1.062
29.7080;-0.1173;0.5277;0.8915;1.043
29.7280;-0.1026;0.5248;0.6717;0.859
29.7470;-0.1700;0.5316;0.5896;0.812
29.7670;-0.2209;0.5267;0.8505;1.024
29.7870;-0.1515;0.4857;1.1251;1.235
29.8080;-0.0322;0.4583;1.1251;1.215
29.8360;-0.0098;0.4681;0.9218;1.034
29.8440;-0.0215;0.4906;0.7342;0.883
29.8630;-0.0225;0.4974;0.6883;0.849
29.8820;-0.0235;0.4974;0.7694;0.916
29.9010;-0.0577;0.5062;0.8857;1.022
29.9210;-0.1007;0.5287;0.9130;1.060
29.9470;-0.1202;0.5345;0.9492;1.096
29.9600;-0.1124;0.5248;1.0127;1.146
29.9790;-0.0655;0.4974;1.0537;1.167
30.0060;-0.0127;0.4818;0.9951;1.106
30.0170;0.0117;0.4730;0.8505;0.973
30.0370;0.0098;0.4798;0.7283;0.872
30.0570;0.0049;0.4827;0.6423;0.804
30.0760;-0.0107;0.4886;0.5925;0.768
30.0950;-0.0508;0.5052;0.5837;0.774
30.1190;-0.1026;0.5267;0.6404;0.835
30.1470;-0.1065;0.5394;0.7107;0.899
30.1640;-0.0645;0.5306;0.7606;0.930
30.1730;-0.0547;0.5306;0.8055;0.966
30.1920;-0.0547;0.5404;0.7919;0.960
30.2150;-0.0919;0.5805;0.7518;0.954
30.2440;-0.1222;0.6147;0.7635;0.988
30.2500;-0.1085;0.6117;0.7987;1.012
30.2700;-0.0840;0.5971;0.8192;1.017
30.2890;-0.0889;0.5971;0.8358;1.031
30.3080;-0.1202;0.6186;0.8857;1.087
30.3290;-0.1114;0.6362;0.9003;1.108
30.3560;-0.0792;0.6411;0.7928;1.023
30.3660;-0.1075;0.6323;0.8319;1.050
30.3860;-0.1339;0.6098;1.0215;1.197
30.4090;-0.1104;0.5746;1.0557;1.207
30.4240;-0.0752;0.5541;0.8798;1.042
30.4520;-0.0616;0.5531;0.7635;0.945
30.4710;-0.0010;0.5042;0.8612;0.998
30.4820;0.0625;0.4622;1.0313;1.132
30.5250;0.0850;0.4358;1.0772;1.165
30.5260;0.0694;0.4358;0.9971;1.090
30.5410;0.0410;0.4495;0.8749;0.984
30.5600;0.0078;0.4681;0.8016;0.928
30.5810;0.0068;0.4671;0.7801;0.909
30.6010;0.0107;0.4613;0.7166;0.852
30.6240;0.0000;0.4603;0.6844;0.825
30.6530;-0.0117;0.4544;0.7381;0.867
30.6570;-0.0459;0.4573;0.7997;0.922
30.6860;-0.0645;0.4583;0.8524;0.970
30.6950;-0.0479;0.4495;0.8515;0.964
30.7150;-0.0127;0.4388;0.7850;0.899
30.7340;-0.0059;0.4466;0.7147;0.843
30.7650;-0.0225;0.4525;0.6892;0.825
30.7730;-0.0381;0.4632;0.6658;0.812
30.7930;-0.0176;0.4564;0.6834;0.822
30.8110;-0.0059;0.4613;0.7361;0.869
30.8340;-0.0059;0.4808;0.7195;0.865
30.8610;-0.0088;0.4945;0.7166;0.871
30.8730;-0.0049;0.5013;0.7704;0.919
30.8890;-0.0176;0.5062;0.8212;0.965
30.9090;-0.0225;0.5082;0.8446;0.986
30.9360;-0.0274;0.5179;0.8524;0.998
30.9470;-0.0420;0.5257;0.8691;1.017
30.9670;-0.0684;0.5414;0.8730;1.029
30.9860;-0.1016;0.5541;0.9052;1.066
31.0040;-0.1319;0.5873;0.8163;1.014
31.0300;-0.1749;0.5814;0.7039;0.930
31.0560;-0.2570;0.5814;0.9335;1.129
31.0620;-0.2033;0.5082;1.2150;1.333
31.0820;-0.0655;0.4720;1.1818;1.274
31.1020;-0.0195;0.4779;0.9668;1.079
31.1200;-0.0469;0.4945;0.8124;0.952
31.1440;-0.0821;0.4925;0.9130;1.041
31.1670;-0.0811;0.4847;0.9384;1.059
31.1790;-0.0723;0.4700;0.8925;1.011
31.2070;-0.0880;0.4730;0.8280;0.958
31.2380;-0.1075;0.4779;0.7655;0.909
31.2400;-0.1016;0.4759;0.7537;0.897
31.2560;-0.0772;0.4642;0.8075;0.935
31.2760;-0.0430;0.4476;0.9345;1.037
31.2950;-0.0215;0.4290;0.9893;1.078
31.3150;-0.0049;0.4368;0.8759;0.979
31.3330;0.0039;0.4544;0.7010;0.835
31.3530;0.0039;0.4652;0.5993;0.759
31.3720;-0.0107;0.4779;0.5661;0.741
31.3910;-0.0274;0.4837;0.5905;0.764
31.4380;-0.0537;0.4915;0.7049;0.861
31.4390;-0.0254;0.4886;0.7342;0.882
31.4660;-0.0107;0.4886;0.7039;0.857
31.4700;-0.0244;0.5082;0.6472;0.823
31.4880;-0.0371;0.5297;0.6687;0.854
31.5070;-0.0313;0.5287;0.7547;0.922
31.5280;-0.0274;0.5267;0.8173;0.973
31.5480;-0.0547;0.5658;0.7606;0.950
31.5670;-0.0821;0.6088;0.7195;0.946
31.5860;-0.1016;0.6332;0.7557;0.991
31.6060;-0.0655;0.5961;0.9345;1.110
31.6240;-0.0489;0.5736;1.0450;1.193
31.6460;-0.0674;0.5883;1.0215;1.181
31.6770;-0.0831;0.6205;0.8984;1.095
31.6820;-0.0186;0.6254;0.7342;0.965
31.7010;-0.0020;0.5961;0.6902;0.912
31.7200;-0.0195;0.5609;0.8808;1.044
31.7440;-0.0772;0.5316;1.1485;1.268
31.7590;-0.1114;0.5179;1.1388;1.256
31.7790;-0.1661;0.5453;0.9111;1.075
31.7980;-0.1632;0.5453;0.8866;1.054
31.8270;-0.0489;0.4925;1.0518;1.162
31.8450;0.0244;0.4534;1.1300;1.218
31.8550;0.0430;0.4476;0.9453;1.047
31.8750;0.0420;0.4661;0.7498;0.884
31.8950;0.0322;0.4720;0.7019;0.846
31.9130;0.0098;0.4788;0.7283;0.872
31.9330;-0.0098;0.4779;0.8026;0.934
31.9600;-0.0322;0.4740;0.8319;0.958
31.9710;-0.0518;0.4671;0.8651;0.985
31.9910;-0.0352;0.4358;0.9003;1.001
32.0120;-0.0039;0.3987;0.8642;0.952
32.0300;0.0127;0.4026;0.7528;0.854
32.0680;0.0176;0.4124;0.6638;0.782
32.0740;0.0186;0.4124;0.6560;0.775
32.1270;0.0059;0.4329;0.7117;0.833
32.1280;-0.0049;0.4398;0.7391;0.860
32.1290;-0.0137;0.4613;0.7635;0.892
32.1470;-0.0244;0.4788;0.7811;0.917
32.1650;-0.0215;0.4857;0.8036;0.939
32.1880;-0.0020;0.4847;0.8397;0.970
32.2040;0.0107;0.4847;0.8759;1.001
32.2310;0.0195;0.4847;0.8749;1.000
32.2540;0.0186;0.4915;0.8515;0.983
32.2620;0.0303;0.4915;0.8231;0.959
32.2820;0.0156;0.5003;0.8456;0.983
32.3030;-0.0166;0.5130;0.8583;1.000
32.3210;-0.0684;0.5424;0.8290;0.993
32.3400;-0.0977;0.5531;0.8915;1.054
32.3590;-0.1261;0.5639;0.8974;1.067
32.3790;-0.1300;0.5512;0.8935;1.058
32.3980;-0.1564;0.5453;0.9609;1.116
32.4170;-0.0831;0.5033;0.9775;1.103
32.4410;-0.0371;0.4915;0.9160;1.040
32.4720;-0.0254;0.4915;0.8358;0.970
32.4770;-0.0674;0.5150;0.7489;0.911
32.4950;-0.1378;0.5355;0.7938;0.967
32.5140;-0.1104;0.5130;0.9033;1.045
32.5390;-0.0537;0.4847;0.9824;1.097
32.5590;-0.0567;0.4808;1.0059;1.116
32.5720;-0.0723;0.4798;0.9590;1.075
32.5920;-0.0674;0.4798;0.8739;0.999
32.6110;-0.0274;0.4681;0.8055;0.932
32.6300;0.0068;0.4534;0.7752;0.898
32.6500;0.0098;0.4505;0.8153;0.932
32.6700;-0.0020;0.4505;0.8866;0.995
32.6890;-0.0078;0.4466;0.8984;1.003
32.7080;-0.0078;0.4466;0.8329;0.945
32.7270;-0.0107;0.4661;0.7401;0.875
32.7460;-0.0117;0.4720;0.6658;0.816
32.7660;-0.0059;0.4642;0.7019;0.842
32.7850;-0.0049;0.4681;0.7361;0.872
32.8050;-0.0215;0.4769;0.7039;0.851
32.8240;-0.0547;0.4896;0.6511;0.816
32.8430;-0.0752;0.5013;0.6707;0.841
32.8660;-0.0860;0.5101;0.7068;0.876
32.8830;-0.0987;0.5179;0.7518;0.918
32.9030;-0.1085;0.5170;0.8446;0.996
32.9220;-0.1085;0.5238;0.9081;1.054
32.9430;-0.0860;0.5199;0.8485;0.999
32.9750;-0.0899;0.5306;0.7537;0.926
32.9790;-0.1212;0.5492;0.7518;0.939
33.0030;-0.1300;0.5580;0.8104;0.992
33.0180;-0.1134;0.5629;0.8896;1.059
33.0380;-0.1212;0.6088;0.9306;1.119
33.0650;-0.1036;0.6137;0.8466;1.051
33.0750;-0.1270;0.5912;1.0762;1.234
33.0950;-0.0977;0.5248;1.3489;1.451
33.1150;-0.0665;0.5023;1.3176;1.412
33.1340;-0.0254;0.5150;0.9375;1.070
33.1650;-0.0127;0.5179;0.7879;0.943
33.1910;-0.0020;0.5052;0.8270;0.969
33.1930;0.0225;0.4876;0.8749;1.002
33.2140;0.0303;0.4847;0.8173;0.951
33.2320;0.0107;0.4886;0.7518;0.897
33.2500;-0.0010;0.4964;0.6834;0.845
33.2740;0.0039;0.4837;0.7176;0.865
33.2970;-0.0107;0.4720;0.8417;0.965
33.3080;-0.0274;0.4632;0.9355;1.044
33.3280;-0.0235;0.4456;0.9120;1.015
33.3470;-0.0029;0.4261;0.8016;0.908
33.3730;0.0059;0.4134;0.6902;0.805
33.3870;0.0059;0.4075;0.6697;0.784
33.4040;0.0127;0.3968;0.7068;0.811
33.4230;0.0195;0.3850;0.7528;0.846
33.4430;0.0235;0.3919;0.7616;0.857
33.4630;0.0235;0.4104;0.7440;0.850
33.4830;0.0068;0.4466;0.6785;0.812
33.5020;-0.0078;0.4661;0.6580;0.806
33.5200;-0.0078;0.4730;0.7655;0.900
33.5410;0.0049;0.4681;0.9365;1.047
33.5640;0.0195;0.4681;1.0068;1.111
33.5790;0.0244;0.4769;0.9345;1.049
33.5990;0.0244;0.4896;0.8046;0.942
33.6170;0.0137;0.4964;0.8046;0.945
33.6360;0.0098;0.4945;0.9150;1.040
33.6620;-0.0020;0.5003;0.9893;1.109
33.6760;-0.0313;0.5160;0.9726;1.101
33.6950;-0.0782;0.5766;0.7977;0.987
33.7150;-0.1319;0.5932;0.6365;0.880
33.7330;-0.2189;0.5824;1.0049;1.182
33.7550;-0.1612;0.4994;1.3909;1.487
33.7820;-0.0225;0.4622;1.2981;1.378
33.7920;0.0049;0.4544;1.0283;1.124
33.8110;-0.0557;0.4749;0.9208;1.038
33.8310;-0.0831;0.4808;0.8231;0.957
33.8500;-0.0489;0.4681;0.7313;0.870
33.8690;-0.0195;0.4476;0.7576;0.880
33.8920;-0.0332;0.4466;0.8114;0.927
33.9080;-0.0489;0.4466;0.8192;0.934
33.9340;-0.0635;0.4573;0.8075;0.930
33.9570;-0.0762;0.4554;0.9062;1.017
33.9660;-0.0401;0.4339;1.0020;1.093
33.9850;-0.0088;0.3997;0.9932;1.071
34.0040;0.0068;0.4153;0.8319;0.930
34.0310;0.0059;0.4398;0.6492;0.784
34.0500;-0.0078;0.4613;0.5397;0.710
34.0750;-0.0195;0.4661;0.6003;0.760
34.0820;-0.0274;0.4710;0.7293;0.869
34.1020;-0.0303;0.4759;0.7704;0.906
34.1200;-0.0655;0.4896;0.7489;0.897
34.1420;-0.1309;0.5150;0.7567;0.925
34.1630;-0.1554;0.5228;0.8251;0.989
34.1790;-0.0909;0.5033;0.8505;0.992
34.1980;-0.0459;0.4964;0.8485;0.984
34.2190;-0.0215;0.5003;0.7997;0.944
34.2370;-0.0322;0.5130;0.7625;0.920
34.2580;-0.0547;0.5277;0.7821;0.945
34.3000;-0.0958;0.5463;0.8583;1.022
34.3040;-0.1153;0.5512;0.9091;1.069
34.3140;-0.0899;0.5385;0.8974;1.050
34.3330;-0.1222;0.5717;0.8906;1.065
34.3530;-0.1769;0.6098;0.7498;0.983
34.3730;-0.2248;0.6098;0.8954;1.106
34.3920;-0.1974;0.5570;1.2433;1.377
34.4120;-0.1143;0.4915;1.4505;1.536
34.4310;-0.0674;0.4876;1.1622;1.262
34.4620;-0.0352;0.4886;0.8270;0.961
34.4690;-0.0352;0.4886;0.7283;0.878
34.4890;-0.0225;0.4798;0.7909;0.925
34.5080;0.0098;0.4485;0.8104;0.926
34.5270;0.0274;0.4280;0.7684;0.880
34.5460;0.0274;0.4212;0.7479;0.859
34.5660;0.0088;0.4241;0.7420;0.855
34.5850;-0.0137;0.4241;0.7967;0.903
34.6060;-0.0195;0.4085;0.8710;0.962
34.6240;-0.0195;0.4036;0.9111;0.997
34.6570;-0.0235;0.4134;0.9033;0.994
34.6640;-0.0322;0.4319;0.8290;0.935
34.6820;-0.0342;0.4349;0.7586;0.875
34.7020;-0.0215;0.4300;0.7039;0.825
34.7210;-0.0166;0.4398;0.6658;0.798
34.7400;-0.0352;0.4573;0.6873;0.826
34.7640;-0.0469;0.4740;0.7293;0.871
34.7830;-0.0371;0.4740;0.7576;0.894
34.7980;-0.0283;0.4798;0.7752;0.912
34.8180;-0.0313;0.4886;0.7752;0.917
34.8370;-0.0313;0.4915;0.7752;0.918
34.8610;-0.0410;0.4915;0.8476;0.981
34.8920;-0.0215;0.4857;0.9042;1.027
34.9010;-0.0078;0.4798;0.8906;1.012
34.9140;-0.0430;0.4955;0.8358;0.973
34.9350;-0.1251;0.5140;0.8427;0.995
34.9530;-0.1251;0.5111;0.8739;1.020
34.9890;-0.1046;0.5042;0.7879;0.941
34.9940;-0.1358;0.5033;0.7586;0.920
35.0120;-0.1652;0.4984;0.9384;1.075
35.0300;-0.1788;0.4915;1.1544;1.267
35.0500;-0.0889;0.4485;1.1984;1.283
35.0790;-0.0811;0.4300;1.1309;1.213
35.0880;-0.0948;0.4505;0.9404;1.047
35.1080;-0.0616;0.4505;0.7586;0.884
35.1270;-0.0371;0.4495;0.7088;0.840
35.1470;-0.0498;0.4593;0.7342;0.867
35.1660;-0.0792;0.4593;0.7899;0.917
35.1860;-0.1104;0.4652;0.8847;1.006
35.2040;-0.1094;0.4583;0.9658;1.075
35.2250;-0.1055;0.4583;1.0225;1.125
35.2430;-0.0665;0.4485;0.9951;1.094
35.2690;-0.0176;0.4270;0.8886;0.986
35.2940;-0.0020;0.4261;0.7586;0.870
35.3030;-0.0078;0.4329;0.6599;0.789
35.3210;-0.0195;0.4437;0.5935;0.741
35.3400;-0.0205;0.4407;0.6267;0.766
35.3590;-0.0137;0.4485;0.6971;0.829
35.3800;0.0010;0.4456;0.7391;0.863
35.3980;0.0107;0.4515;0.7274;0.856
35.4180;-0.0117;0.4779;0.7147;0.860
35.4380;-0.0528;0.4955;0.7772;0.923
35.4600;-0.0821;0.5082;0.8544;0.997
35.4900;-0.1075;0.5170;0.9423;1.080
35.4960;-0.1329;0.5277;0.9795;1.120
35.5140;-0.1407;0.5277;0.9453;1.092
35.5340;-0.1456;0.5453;0.8524;1.022
35.5580;-0.1505;0.5639;0.8173;1.004
35.5800;-0.1153;0.5590;0.7987;0.982
35.5910;-0.0264;0.5355;0.8427;0.999
35.6120;0.0235;0.5199;0.8270;0.977
35.6330;-0.0274;0.5365;0.7606;0.931
35.6510;-0.1691;0.5678;1.0782;1.230
35.6920;-0.1808;0.5209;1.4222;1.525
35.7010;-0.1085;0.4837;1.3420;1.431
35.7160;-0.0684;0.4818;1.0147;1.125
35.7290;-0.0723;0.4808;0.8681;0.995
35.7470;-0.0723;0.4730;0.8124;0.943
35.7720;-0.0352;0.4573;0.7567;0.885
35.8020;-0.0215;0.4427;0.7469;0.868
35.8110;-0.0322;0.4417;0.8075;0.921
35.8240;-0.0410;0.4280;0.8632;0.964
35.8440;-0.0440;0.4192;0.8769;0.973
35.8680;-0.0459;0.4114;0.8906;0.982
35.8820;-0.0508;0.4026;0.9062;0.993
35.9020;-0.0469;0.3968;0.8622;0.950
35.9220;-0.0293;0.3928;0.7801;0.874
35.9410;-0.0264;0.4026;0.6902;0.799
35.9630;-0.0176;0.4075;0.6462;0.764
35.9880;0.0039;0.4075;0.6648;0.780
35.9990;0.0039;0.4339;0.6892;0.814
36.0180;0.0029;0.4466;0.7225;0.849
36.0380;-0.0029;0.4720;0.6883;0.835
36.0560;-0.0088;0.4837;0.6482;0.809
36.0770;-0.0156;0.4906;0.7449;0.892
36.0950;-0.0156;0.4876;0.8837;1.009
36.1140;-0.0117;0.4867;0.9306;1.050
36.1330;-0.0186;0.4915;0.8534;0.985
36.1530;-0.0606;0.5170;0.7967;0.952
36.1740;-0.0665;0.5170;0.8104;0.964
36.1940;-0.0596;0.5170;0.8466;0.994
36.2110;-0.0831;0.5111;0.9072;1.045
36.2300;-0.1280;0.5209;0.9003;1.048
36.2550;-0.1534;0.5189;0.6550;0.850
36.2760;-0.2873;0.5580;0.6980;0.939
36.2880;-0.3010;0.5082;1.2150;1.351
36.3080;-0.1857;0.4143;1.5287;1.595
36.3300;-0.0694;0.3899;1.2316;1.294
36.3470;-0.0616;0.4437;0.8153;0.930
36.3740;-0.1046;0.4779;0.6414;0.807
36.3870;-0.0948;0.4749;0.6756;0.831
36.4050;-0.0430;0.4456;0.7508;0.874
36.4240;-0.0322;0.4437;0.7723;0.891
36.4440;-0.0645;0.4642;0.8378;0.960
36.4620;-0.0645;0.4700;0.9238;1.038
36.4840;-0.0322;0.4573;0.9795;1.081
36.5130;-0.0059;0.4417;1.0274;1.118
36.5230;0.0127;0.4349;0.9570;1.051
36.5400;0.0322;0.4241;0.8446;0.946
36.5600;0.0166;0.4270;0.8075;0.914
36.5800;-0.0068;0.4339;0.7782;0.891
36.6080;-0.0264;0.4319;0.7489;0.865
36.6180;-0.0274;0.4212;0.7176;0.833
36.6580;-0.0352;0.4212;0.6980;0.816
36.6590;-0.0577;0.4290;0.7088;0.831
36.6760;-0.0674;0.4368;0.7283;0.852
36.6950;-0.0674;0.4437;0.7537;0.877
36.7140;-0.0713;0.4573;0.7733;0.901
36.7330;-0.0713;0.4671;0.7831;0.915
36.7540;-0.0410;0.4730;0.7831;0.916
36.7730;-0.0283;0.4827;0.7420;0.886
36.7930;-0.0322;0.4955;0.7029;0.861
36.8110;-0.0567;0.5160;0.7264;0.893
36.8320;-0.0948;0.5463;0.8124;0.984
36.8510;-0.0977;0.5502;0.9345;1.089
36.8750;-0.1094;0.5658;1.0029;1.157
36.9140;-0.1007;0.5824;0.9951;1.157
36.9190;-0.0596;0.6039;0.8036;1.007
36.9280;-0.0733;0.5922;0.7459;0.955
36.9490;-0.0880;0.5492;1.1319;1.261
36.9700;-0.0489;0.4955;1.4710;1.553
37.0000;-0.0098;0.4798;1.3469;1.430
37.0050;-0.0029;0.4896;0.9814;1.097
37.0250;-0.0332;0.5023;0.8749;1.009
37.0430;-0.0254;0.4994;0.8876;1.019
37.0680;-0.0117;0.4896;0.8876;1.014
37.0820;-0.0137;0.4896;0.8202;0.955
37.1020;-0.0078;0.4857;0.7801;0.919
37.1220;0.0303;0.4485;0.8730;0.982
37.1410;0.0440;0.4065;0.9717;1.054
37.1590;0.0205;0.4163;1.0000;1.083
37.1800;-0.0274;0.4427;0.8720;0.978
37.2010;-0.0508;0.4476;0.7850;0.905
37.2180;-0.0352;0.4173;0.7733;0.879
37.2380;-0.0205;0.3870;0.7498;0.844
37.2600;-0.0283;0.3782;0.7088;0.804
37.2910;-0.0479;0.3938;0.6687;0.778
37.2960;-0.0528;0.3928;0.6345;0.748
37.3150;-0.0440;0.3889;0.6492;0.758
37.3340;-0.0440;0.4007;0.6980;0.806
37.3670;-0.0498;0.4153;0.6980;0.814
37.3740;-0.0469;0.4388;0.6453;0.782
37.3930;-0.0156;0.4446;0.6707;0.805
37.4120;0.0000;0.4417;0.7440;0.865
37.4420;0.0039;0.4349;0.8573;0.961
37.4630;0.0010;0.4466;0.8935;0.999
37.4690;-0.0215;0.4740;0.8231;0.950
37.4890;-0.0635;0.4945;0.8505;0.986
37.5110;-0.0958;0.5160;0.8866;1.030
37.5280;-0.1691;0.5443;0.7616;0.951
37.5610;-0.2042;0.5316;0.8769;1.046
37.5660;-0.1378;0.4906;1.1739;1.280
37.5870;-0.0498;0.4485;1.2287;1.309
37.6050;0.0029;0.4485;1.0625;1.153
37.6240;-0.0352;0.4710;0.9169;1.031
37.6440;-0.1094;0.4710;0.9883;1.100
37.6640;-0.1309;0.4495;1.1358;1.229
37.6870;-0.1280;0.4134;1.0997;1.182
37.7040;-0.1251;0.4212;0.8798;0.983
37.7240;-0.1671;0.4593;0.7205;0.871
37.7410;-0.1886;0.4749;0.6208;0.804
37.7680;-0.1124;0.4534;0.5915;0.754
37.7860;-0.0694;0.4202;0.7313;0.846
37.8000;-0.0537;0.4046;0.8485;0.942
37.8190;-0.0498;0.4046;0.9384;1.023
37.8380;-0.0479;0.4212;0.9756;1.064
37.8650;-0.0352;0.4212;0.9033;0.997
37.8760;-0.0225;0.4319;0.7860;0.897
37.9060;-0.0166;0.4349;0.7557;0.872
37.9150;-0.0098;0.4183;0.7655;0.872
37.9370;0.0020;0.4134;0.7801;0.883
37.9530;-0.0059;0.4300;0.8085;0.916
37.9780;-0.0303;0.4515;0.7977;0.917
37.9920;-0.0469;0.4661;0.7684;0.900
38.0130;-0.0537;0.4720;0.7684;0.903
38.0310;-0.0537;0.4759;0.8300;0.958
38.0510;-0.0752;0.4837;0.8710;0.999
38.0770;-0.0616;0.4837;0.8691;0.997
38.0980;-0.0450;0.4906;0.8280;0.963
38.1090;-0.0313;0.4964;0.7948;0.938
38.1280;-0.0479;0.5062;0.8055;0.953
38.1470;-0.0928;0.5277;0.8964;1.044
38.1700;-0.1583;0.5609;0.9980;1.156
38.1960;-0.2052;0.5873;1.0596;1.229
38.2050;-0.1847;0.6020;1.0293;1.207
38.2250;-0.0938;0.5883;0.8143;1.009
38.2480;-0.0430;0.5297;0.8954;1.041
38.2630;-0.0381;0.5023;1.0938;1.204
38.2860;-0.0166;0.4867;1.0967;1.200
38.3220;-0.0127;0.4867;0.9697;1.085
38.3260;-0.0068;0.4827;0.9257;1.044
38.3420;0.0244;0.4661;0.9550;1.063
38.3600;0.0694;0.4310;0.9746;1.068
38.3940;0.0684;0.4202;0.9619;1.052
38.3980;0.0342;0.4485;0.9062;1.012
38.4190;0.0283;0.4515;0.8241;0.940
38.4370;0.0440;0.4329;0.8182;0.927
38.4580;0.0440;0.4075;0.8808;0.971
38.4780;0.0352;0.4075;0.8700;0.961
38.4960;0.0215;0.4134;0.8319;0.929
38.5160;0.0000;0.4202;0.8368;0.936
38.5360;-0.0244;0.4241;0.8563;0.956
38.5670;-0.0322;0.4183;0.8827;0.977
38.5970;-0.0322;0.4114;0.8524;0.947
38.5990;-0.0176;0.4046;0.8006;0.897
38.6140;-0.0283;0.4163;0.7537;0.862
38.6340;-0.0283;0.4163;0.7117;0.825
38.6510;-0.0235;0.4134;0.7195;0.830
38.6760;-0.0235;0.4231;0.7713;0.880
38.7100;-0.0235;0.4407;0.7694;0.887
38.7120;-0.0078;0.4593;0.6980;0.836
38.7280;-0.0039;0.4749;0.6902;0.838
38.7470;0.0039;0.4779;0.7606;0.898
38.7870;0.0020;0.4818;0.7987;0.933
38.7910;-0.0020;0.4867;0.8114;0.946
38.8060;-0.0020;0.4886;0.8290;0.962
38.8250;-0.0020;0.4886;0.8935;1.018
38.8450;0.0039;0.4886;0.8661;0.994
38.8630;-0.0029;0.4915;0.8182;0.955
38.8830;-0.0362;0.5072;0.8290;0.972
38.9050;-0.0704;0.5179;0.8954;1.037
38.9210;-0.1124;0.5179;0.8603;1.010
38.9410;-0.1798;0.5150;0.9687;1.112
38.9680;-0.1876;0.4906;1.1896;1.300
38.9860;-0.0938;0.4544;1.1876;1.275
38.9980;-0.0274;0.4143;1.0322;1.113
39.0190;-0.0362;0.4046;0.9081;0.995
39.0390;-0.0537;0.4124;0.8427;0.940
39.0580;-0.0489;0.4046;0.7850;0.884
39.0950;-0.0489;0.4007;0.7948;0.891
39.0990;-0.0596;0.4065;0.8143;0.912
39.1230;-0.0635;0.4231;0.8524;0.954
39.1360;-0.0547;0.4143;0.8769;0.971
39.1550;-0.0362;0.4085;0.8534;0.947
39.1830;-0.0254;0.3987;0.8534;0.942
39.2040;-0.0274;0.3987;0.9033;0.988
39.2110;-0.0186;0.3938;0.9277;1.008
39.2310;-0.0010;0.3801;0.9003;0.977
39.2580;0.0117;0.3889;0.7919;0.882
39.2860;0.0147;0.4016;0.7274;0.831
39.2890;0.0029;0.4251;0.7391;0.853
39.3090;-0.0020;0.4329;0.8153;0.923
39.3280;-0.0078;0.4456;0.8544;0.964
39.3470;-0.0186;0.4652;0.8212;0.944
39.3690;-0.0303;0.4759;0.8163;0.945
39.3900;-0.0274;0.4759;0.8778;0.999
39.4050;-0.0107;0.4681;0.9267;1.038
39.4250;-0.0107;0.4759;0.9257;1.041
39.4440;-0.0107;0.4798;0.9072;1.026
39.4640;-0.0117;0.4827;0.8466;0.975
39.4920;-0.0195;0.4906;0.8153;0.952
39.5030;-0.0313;0.4974;0.8436;0.980
39.5220;-0.0205;0.4915;0.8925;1.019
39.5410;-0.0117;0.4886;0.9042;1.028
39.5590;-0.0186;0.4935;0.8847;1.013
39.5810;-0.0186;0.4984;0.8749;1.007
39.6010;-0.0137;0.5023;0.8495;0.987
39.6180;0.0049;0.4886;0.9277;1.049
39.6370;0.0078;0.4710;1.1954;1.285
39.6590;0.0176;0.4349;1.3469;1.415
39.6880;0.0117;0.4231;1.2404;1.311
39.6950;-0.0244;0.4485;1.0616;1.153
39.7150;-0.0547;0.4534;1.0029;1.102
39.7370;-0.0283;0.4163;0.9365;1.025
39.7530;-0.0068;0.3616;0.8974;0.968
39.7750;-0.0068;0.3391;0.8456;0.911
39.7990;-0.0176;0.3489;0.7537;0.831
39.8130;-0.0205;0.3674;0.6355;0.734
39.8340;-0.0166;0.3753;0.5593;0.674
39.8500;-0.0195;0.3801;0.6511;0.754
39.8840;-0.0225;0.3694;0.7987;0.880
39.8890;-0.0186;0.3743;0.8896;0.965
39.9130;-0.0293;0.3948;0.9316;1.012
39.9280;-0.0391;0.4124;0.9267;1.015
39.9580;-0.0352;0.4192;0.8759;0.972
39.9950;-0.0313;0.4173;0.8319;0.931
39.9990;-0.0254;0.4065;0.8221;0.918
40.0050;-0.0313;0.4153;0.7948;0.897
40.0240;-0.0459;0.4251;0.7928;0.901
40.0530;-0.0479;0.4368;0.7586;0.877
40.0780;-0.0371;0.4398;0.7244;0.848
40.0830;-0.0459;0.4446;0.7469;0.870
40.1020;-0.0352;0.4290;0.8055;0.913
40.1210;-0.0117;0.4016;0.8642;0.953
40.1410;-0.0078;0.3977;0.8788;0.965
40.1740;-0.0156;0.4134;0.8124;0.912
40.1970;-0.0430;0.4407;0.7537;0.874
40.1980;-0.0743;0.4583;0.7518;0.884
40.2180;-0.0792;0.4573;0.7938;0.920
40.2370;-0.0635;0.4573;0.7977;0.922
40.2570;-0.1065;0.4642;0.8192;0.948
40.2770;-0.1730;0.4769;0.9775;1.101
40.2990;-0.1876;0.4730;1.1700;1.276
40.3150;-0.1329;0.4525;1.2326;1.320
40.3350;-0.0919;0.4319;1.2463;1.322
40.3530;-0.1075;0.4437;1.1779;1.263
40.3730;-0.1016;0.4407;1.0098;1.106
40.3920;-0.0557;0.4329;0.8290;0.937
40.4130;-0.0078;0.4212;0.7195;0.834
40.4320;0.0059;0.4319;0.6804;0.806
40.4500;0.0059;0.4437;0.7205;0.846
40.4770;0.0088;0.4466;0.7733;0.893
40.4940;0.0049;0.4505;0.8378;0.951
40.5080;-0.0127;0.4573;0.9130;1.021
40.5290;-0.0156;0.4573;0.9941;1.094
40.5480;-0.0049;0.4485;1.0635;1.154
40.5660;0.0195;0.4388;0.9853;1.079
40.5940;0.0352;0.4349;0.8153;0.925
40.6050;0.0293;0.4407;0.7371;0.859
40.6240;0.0186;0.4564;0.7098;0.844
40.6440;0.0098;0.4622;0.7342;0.868
40.6640;0.0059;0.4681;0.7694;0.901
40.6820;-0.0029;0.4779;0.7977;0.930
40.7020;-0.0313;0.4925;0.7821;0.925
40.7210;-0.0645;0.5023;0.7948;0.942
40.7420;-0.0450;0.4945;0.8876;1.017
40.7610;-0.0342;0.4925;0.9629;1.082
40.7810;-0.0068;0.4876;0.9531;1.071
40.8130;0.0010;0.4876;0.8661;0.994
40.8180;-0.0127;0.4955;0.8094;0.949
40.8380;-0.0137;0.4955;0.8681;1.000
40.8580;-0.0020;0.4896;0.9550;1.073
40.8830;-0.0156;0.5082;0.9531;1.080
40.8960;-0.0528;0.5394;0.8720;1.027
40.9150;-0.1055;0.5336;1.0948;1.222
40.9380;-0.0596;0.4798;1.3987;1.480
40.9550;0.0225;0.3977;1.4632;1.516
40.9730;0.0459;0.3850;1.1153;1.181
41.0030;0.0342;0.4192;0.8759;0.972
41.0130;0.0049;0.4270;0.8290;0.933
41.0390;0.0049;0.3977;0.8563;0.944
41.0500;0.0430;0.3381;0.8270;0.895
41.0920;0.0625;0.3137;0.7616;0.826
41.0940;0.0293;0.3498;0.7264;0.807
41.1220;0.0039;0.3860;0.6824;0.784
41.1280;-0.0235;0.4065;0.7078;0.817
41.1480;-0.0381;0.4095;0.7557;0.860
41.1660;-0.0293;0.4046;0.8397;0.933
41.1860;-0.0293;0.4036;0.9423;1.026
41.2140;-0.0225;0.4036;0.9423;1.025
41.2250;-0.0039;0.4036;0.8163;0.911
41.2430;-0.0059;0.4280;0.7029;0.823
41.2630;-0.0137;0.4407;0.6853;0.815
41.2900;-0.0205;0.4466;0.7342;0.860
41.3030;-0.0137;0.4446;0.7997;0.915
41.3220;0.0020;0.4427;0.8182;0.930
41.3410;0.0068;0.4505;0.7831;0.903
41.3600;-0.0205;0.4710;0.7684;0.902
41.3810;-0.0313;0.4779;0.8241;0.953
41.4000;-0.0098;0.4671;0.8691;0.987
41.4180;0.0088;0.4603;0.8378;0.956
41.4380;-0.0049;0.4720;0.7909;0.921
41.4570;-0.0371;0.4788;0.7909;0.925
41.4760;-0.0430;0.4700;0.9384;1.050
41.4960;-0.0586;0.4730;1.0039;1.111
41.5270;-0.0469;0.4749;0.7948;0.927
41.5340;-0.1055;0.4827;0.7254;0.878
41.5530;-0.1583;0.4749;0.9853;1.105
41.5770;-0.1065;0.4329;1.2238;1.302
41.5930;-0.0401;0.3753;1.3518;1.403
41.6130;-0.0430;0.3694;1.3127;1.364
41.6320;-0.0811;0.4114;1.1007;1.178
41.6530;-0.0596;0.4016;0.8642;0.955
41.6690;-0.0332;0.3801;0.7625;0.853
41.7070;-0.0274;0.3733;0.7332;0.823
41.7130;-0.0430;0.3889;0.7000;0.802
41.7270;-0.0635;0.4075;0.6863;0.801
41.7480;-0.0821;0.4173;0.7723;0.882
41.7860;-0.1085;0.4046;0.9599;1.047
41.7880;-0.0919;0.3938;1.0919;1.164
41.8050;-0.0469;0.3684;1.0537;1.117
41.8250;-0.0107;0.3684;0.8837;0.957
41.8610;-0.0049;0.3938;0.7322;0.831
41.8630;-0.0205;0.4251;0.6980;0.818
41.8960;-0.0254;0.4349;0.7186;0.840
41.9040;-0.0176;0.4349;0.7567;0.873
41.9220;-0.0039;0.4417;0.7879;0.903
41.9410;-0.0049;0.4544;0.8221;0.939
41.9600;-0.0059;0.4632;0.8554;0.973
41.9800;0.0127;0.4583;0.9003;1.010
42.0050;0.0156;0.4583;0.9306;1.037
42.0180;0.0186;0.4583;0.9306;1.038
42.0370;0.0215;0.4671;0.8896;1.005
42.0570;0.0068;0.4779;0.8397;0.966
42.0760;-0.0186;0.4906;0.7977;0.937
42.0990;-0.0498;0.4935;0.8339;0.970
42.1220;-0.0577;0.5003;0.8964;1.028
42.1360;-0.0205;0.5003;0.8046;0.948
42.1530;-0.0342;0.5003;0.8720;1.006
42.1730;-0.0831;0.4925;1.2179;1.316
42.2040;-0.0547;0.4613;1.4808;1.552
42.2150;-0.0205;0.4300;1.3831;1.449
42.2310;-0.0156;0.4427;1.0195;1.112
42.2520;-0.0440;0.4700;0.7997;0.929
42.2690;-0.0489;0.4700;0.7479;0.885
42.2910;-0.0088;0.4319;0.8348;0.940
42.3150;0.0176;0.3821;0.9160;0.993
42.3280;0.0176;0.3928;0.9160;0.997
42.3480;0.0068;0.4290;0.8212;0.927
42.3670;0.0098;0.4358;0.7674;0.883
42.3900;0.0117;0.4329;0.7801;0.892
42.4130;0.0147;0.4261;0.8388;0.941
42.4240;0.0147;0.4261;0.8866;0.984
42.4430;0.0078;0.4349;0.8827;0.984
42.4640;0.0049;0.4388;0.8632;0.968
42.4820;0.0049;0.4358;0.8261;0.934
42.5050;0.0098;0.4358;0.7625;0.878
42.5270;0.0068;0.4476;0.7029;0.833
42.5400;-0.0117;0.4691;0.6531;0.804
42.5690;-0.0293;0.4886;0.6570;0.819
42.5790;-0.0459;0.4964;0.6863;0.848
42.6010;-0.0059;0.4837;0.7557;0.897
42.6180;0.0235;0.4720;0.8290;0.954
42.6370;0.0264;0.4700;0.9062;1.021
42.6570;0.0137;0.4779;0.9590;1.072
42.6780;0.0000;0.4779;0.9687;1.080
42.6960;0.0049;0.4730;0.9189;1.033
42.7140;0.0068;0.4730;0.8407;0.965
42.7340;0.0186;0.4652;0.8495;0.969
42.7530;0.0117;0.4700;0.8583;0.979
42.7740;-0.0049;0.4740;0.9042;1.021
42.7980;-0.0274;0.4808;0.8984;1.019
42.8130;-0.0635;0.4867;0.7254;0.876
42.8310;-0.1622;0.4867;0.7919;0.943
42.8500;-0.1886;0.4700;1.1182;1.228
42.8690;-0.1739;0.4290;1.3723;1.448
42.8980;-0.0919;0.4046;1.2375;1.305
42.9330;-0.0577;0.4212;0.9736;1.062
42.9370;-0.0723;0.4603;0.7791;0.908
42.9470;-0.0557;0.4593;0.6531;0.800
42.9660;-0.0498;0.4583;0.6179;0.771
42.9880;-0.0420;0.4632;0.6677;0.814
43.0090;-0.0557;0.4798;0.7049;0.855
43.0250;-0.0332;0.4798;0.7655;0.904
43.0460;0.0049;0.4661;0.8720;0.989
43.0630;0.0313;0.4456;0.9550;1.054
43.0850;0.0498;0.4417;1.0156;1.109
43.1070;0.0586;0.4388;1.0156;1.108
43.1220;0.0762;0.4388;0.8886;0.994
43.1410;0.0948;0.4485;0.7743;0.900
43.1610;0.0821;0.4583;0.7576;0.889
43.1810;0.0665;0.4554;0.7674;0.895
43.2040;0.0430;0.4593;0.7674;0.895
43.2180;0.0254;0.4700;0.7381;0.875
43.2370;0.0215;0.4700;0.7498;0.885
43.2570;0.0137;0.4740;0.8085;0.937
43.2880;-0.0156;0.4837;0.8720;0.997
43.2950;-0.0332;0.4896;0.8681;0.997
43.3150;-0.0792;0.5062;0.8583;1.000
43.3360;-0.1397;0.5345;0.8739;1.034
43.3540;-0.1720;0.5502;0.8788;1.051
43.3730;-0.2013;0.5648;0.8661;1.053
43.3970;-0.1798;0.5512;0.8612;1.038
43.4210;-0.1593;0.5404;0.8984;1.060
43.4310;-0.1085;0.5355;0.8358;0.999
43.4520;-0.0274;0.5209;0.7772;0.936
43.4720;-0.0391;0.5257;0.8065;0.964
43.4900;-0.1163;0.5433;1.1652;1.291
43.5280;-0.0987;0.4964;1.4867;1.570
43.5330;-0.0743;0.4964;1.4055;1.492
43.5540;-0.0743;0.5052;1.0342;1.153
43.5700;-0.0811;0.5111;0.8212;0.971
43.5870;-0.0430;0.4974;0.7576;0.907
43.6130;-0.0088;0.4779;0.7840;0.918
43.6380;0.0059;0.4534;0.7909;0.912
43.6440;0.0342;0.4143;0.7889;0.892
43.6630;0.0371;0.3948;0.8104;0.902
43.6830;0.0156;0.3948;0.8436;0.932
43.7120;-0.0156;0.3987;0.8700;0.957
43.7220;-0.0567;0.4163;0.9805;1.067
43.7410;-0.0792;0.4153;1.0606;1.142
43.7600;-0.0831;0.4143;0.9893;1.076
43.7800;-0.0479;0.4085;0.8085;0.907
43.8050;-0.0147;0.3958;0.7059;0.809
43.8180;-0.0039;0.3958;0.6844;0.791
43.8370;-0.0117;0.4036;0.7274;0.832
43.8560;-0.0068;0.4026;0.7664;0.866
43.8760;0.0029;0.4173;0.7586;0.866
43.8970;0.0059;0.4270;0.7244;0.841
43.9170;0.0098;0.4388;0.7215;0.844
43.9340;0.0098;0.4388;0.7664;0.883
43.9530;0.0137;0.4388;0.8329;0.942
43.9730;0.0107;0.4485;0.8397;0.952
43.9920;0.0020;0.4642;0.8319;0.953
44.0150;-0.0195;0.4759;0.8153;0.944
44.0320;-0.0518;0.4827;0.8730;0.999
44.0510;-0.0616;0.4818;0.8857;1.010
44.0700;-0.0616;0.4867;0.7606;0.905
44.0910;-0.1397;0.4964;0.6531;0.832
44.1210;-0.1896;0.4964;0.8710;1.020
44.1280;-0.1661;0.4798;1.1290;1.238
44.1470;-0.0889;0.4564;1.2062;1.293
44.1680;-0.0889;0.4642;1.1456;1.239
44.1860;-0.1270;0.4837;1.0117;1.129
44.2080;-0.1153;0.4886;0.8329;0.972
44.2380;-0.0606;0.4847;0.7254;0.875
44.2450;-0.0391;0.4847;0.7117;0.862
44.2800;-0.0713;0.4896;0.7938;0.935
44.2930;-0.1104;0.4896;0.9150;1.044
44.3140;-0.1427;0.4964;0.9697;1.099
44.3210;-0.1192;0.4886;0.9902;1.111
44.3470;-0.0528;0.4749;0.9472;1.061
44.3610;-0.0127;0.4603;0.8603;0.976
44.3970;-0.0029;0.4603;0.7743;0.901
44.4030;-0.0059;0.4593;0.6687;0.811
44.4190;-0.0127;0.4583;0.6277;0.777
44.4370;-0.0371;0.4583;0.6120;0.766
44.4570;-0.0772;0.4691;0.6853;0.834
44.4780;-0.0801;0.4681;0.7586;0.895
44.4970;-0.0596;0.4622;0.8212;0.944
44.5350;-0.0635;0.4720;0.8261;0.954
44.5420;-0.0635;0.4827;0.7948;0.932
44.5610;-0.0508;0.4925;0.7576;0.905
44.5730;-0.0401;0.4964;0.7645;0.912
44.6080;-0.0225;0.5003;0.7645;0.914
44.6130;-0.0322;0.5091;0.7469;0.904
44.6390;-0.0635;0.5267;0.7449;0.915
44.6510;-0.1055;0.5521;0.7733;0.956
44.6700;-0.1261;0.5668;0.8583;1.036
44.6900;-0.1261;0.5668;0.9218;1.089
44.7140;-0.1104;0.5942;0.8808;1.068
44.7300;-0.0919;0.6069;0.7459;0.966
44.7500;-0.1378;0.5990;0.9394;1.123
44.7670;-0.1534;0.5570;1.2296;1.359
44.7910;-0.0772;0.5042;1.2560;1.356
44.8050;-0.0283;0.4945;1.0713;1.180
44.8250;-0.0186;0.4906;0.9463;1.066
44.8460;-0.0039;0.4749;0.9599;1.071
44.8640;0.0078;0.4583;0.9580;1.062
44.8830;0.0117;0.4417;0.9091;1.011
44.9040;0.0000;0.4476;0.8251;0.939
44.9250;-0.0117;0.4573;0.7635;0.890
44.9410;-0.0274;0.4573;0.7361;0.867
44.9610;-0.0459;0.4573;0.7459;0.876
44.9800;-0.0665;0.4505;0.8006;0.921
44.9990;-0.0762;0.4407;0.8847;0.991
45.0260;-0.0625;0.4280;0.9218;1.018
45.0380;-0.0440;0.4212;0.8446;0.945
45.0570;-0.0479;0.4368;0.7322;0.854
45.0780;-0.0489;0.4534;0.6335;0.781
45.0960;-0.0420;0.4534;0.6453;0.790
45.1220;-0.0205;0.4446;0.7264;0.852
45.1340;-0.0117;0.4476;0.7547;0.878
45.1540;-0.0166;0.4681;0.7361;0.873
45.1730;-0.0166;0.4808;0.6990;0.849
45.1970;-0.0010;0.4867;0.7019;0.854
45.2210;0.0039;0.4867;0.7674;0.909
45.2320;-0.0078;0.4867;0.8368;0.968
45.2510;-0.0215;0.4896;0.8710;0.999
45.2810;-0.0342;0.4994;0.7938;0.938
45.3050;-0.0801;0.5160;0.7313;0.899
45.3100;-0.1867;0.5443;0.7635;0.956
45.3280;-0.2062;0.5297;0.8075;0.987
45.3480;-0.1906;0.5072;0.8397;0.999
45.3670;-0.1906;0.5013;0.8642;1.017
45.4050;-0.1906;0.5091;0.7088;0.893
45.4080;-0.2443;0.5326;0.6462;0.872
45.4250;-0.3518;0.5648;0.9091;1.127
45.4450;-0.3117;0.5297;1.1759;1.327
45.4640;-0.2199;0.4847;1.3088;1.413
45.4830;-0.1954;0.4837;1.2306;1.337
45.5050;-0.1984;0.4935;1.0625;1.188
45.5230;-0.1397;0.4788;0.9228;1.049
45.5410;-0.0577;0.4554;0.8016;0.924
45.5600;-0.0283;0.4398;0.7049;0.831
45.5790;-0.0176;0.4310;0.6521;0.782
45.6010;-0.0127;0.4339;0.6844;0.810
45.6310;-0.0332;0.4339;0.7381;0.857
45.6560;-0.0518;0.4437;0.8153;0.930
45.6580;-0.0469;0.4505;0.8818;0.991
45.6770;-0.0147;0.4378;0.9697;1.064
45.6960;0.0176;0.4153;1.0049;1.087
45.7390;0.0381;0.4095;0.9208;1.008
45.7410;0.0352;0.4280;0.7704;0.882
45.7550;0.0244;0.4525;0.6912;0.826
45.7740;0.0039;0.4691;0.6472;0.799
45.7930;-0.0186;0.4769;0.6785;0.830
45.8150;-0.0303;0.4827;0.7371;0.882
45.8310;-0.0362;0.4876;0.7518;0.897
45.8510;-0.0450;0.4974;0.7489;0.900
45.8710;-0.0557;0.5042;0.8085;0.954
45.8900;-0.0645;0.5042;0.9111;1.043
45.9120;-0.0508;0.5042;0.9492;1.076
45.9290;-0.0684;0.5160;0.9404;1.075
45.9480;-0.1192;0.5482;0.8915;1.053
45.9670;-0.1544;0.5697;0.8476;1.033
45.9930;-0.1466;0.5648;0.8612;1.040
46.0250;-0.1055;0.5394;0.8954;1.051
46.0300;-0.0616;0.5209;0.8554;1.003
46.0450;-0.0518;0.5209;0.7889;0.947
46.0650;-0.0528;0.5512;0.7381;0.923
46.0840;-0.1036;0.5844;0.6707;0.896
46.1130;-0.1534;0.5697;1.0283;1.186
46.1210;-0.1182;0.5111;1.4310;1.524
46.1410;-0.0528;0.4691;1.4613;1.536
46.1610;-0.0274;0.4691;1.0870;1.184
46.1930;-0.0508;0.4798;0.8583;0.985
46.2380;-0.0508;0.4691;0.7723;0.905
46.2480;-0.0029;0.4251;0.7674;0.877
46.2500;0.0244;0.3840;0.7850;0.874
46.2590;0.0244;0.3840;0.8006;0.888
46.2780;0.0215;0.3762;0.8006;0.885
46.3110;0.0020;0.3938;0.7772;0.871
46.3310;-0.0293;0.4270;0.7479;0.862
46.3360;-0.0547;0.4339;0.7909;0.904
46.3550;-0.0381;0.4280;0.8319;0.936
46.3730;-0.0107;0.4085;0.9003;0.989
46.3990;-0.0068;0.4085;0.9326;1.018
46.4200;-0.0186;0.4231;0.8730;0.970
46.4320;-0.0342;0.4456;0.7938;0.911
46.4520;-0.0371;0.4505;0.7772;0.899
46.4710;-0.0371;0.4505;0.7811;0.902
46.4900;-0.0195;0.4427;0.7664;0.885
46.5110;-0.0098;0.4427;0.7635;0.883
46.5320;-0.0107;0.4525;0.7635;0.888
46.5480;-0.0117;0.4622;0.7850;0.911
46.5690;-0.0137;0.4740;0.7821;0.915
46.5880;-0.0166;0.4769;0.8036;0.935
46.6300;-0.0068;0.4769;0.8104;0.940
46.6320;-0.0264;0.4896;0.7752;0.917
46.6550;-0.0557;0.5042;0.7655;0.918
46.6650;-0.0801;0.5267;0.7498;0.920
46.6890;-0.0586;0.5267;0.7322;0.904
46.7230;-0.0586;0.5316;0.7752;0.942
46.7260;-0.0704;0.5375;0.8378;0.998
46.7420;-0.0528;0.5453;0.8241;0.990
46.7610;-0.0713;0.5678;0.7117;0.913
46.7810;-0.1867;0.5951;0.8935;1.090
46.8030;-0.2189;0.5658;1.2336;1.375
46.8420;-0.0704;0.4906;1.3225;1.412
46.8430;0.0039;0.4769;1.2101;1.301
46.8600;-0.0127;0.4857;1.0156;1.126
46.8770;-0.0889;0.4945;1.0254;1.142
46.9030;-0.1231;0.4896;1.0567;1.171
46.9270;-0.0704;0.4583;0.9795;1.084
46.9350;-0.0107;0.4270;0.8661;0.966
46.9550;0.0127;0.4007;0.7801;0.877
46.9860;0.0391;0.4114;0.7147;0.826
47.0230;0.0547;0.4183;0.6941;0.812
47.0270;0.0401;0.4358;0.7537;0.872
47.0320;0.0625;0.4104;0.8603;0.955
47.0510;0.1261;0.3626;0.9550;1.029
47.0710;0.1739;0.3557;0.9805;1.057
47.0910;0.1876;0.3860;0.8886;0.987
47.1100;0.1935;0.4280;0.7528;0.887
47.1300;0.1564;0.4583;0.7459;0.889
47.1480;0.1212;0.4671;0.8378;0.967
47.1670;0.1446;0.4398;0.9678;1.073
47.1880;0.1837;0.4124;0.9814;1.080
47.2090;0.1700;0.4222;0.9228;1.029
47.2260;0.1143;0.4495;0.8710;0.987
47.2450;0.0684;0.4525;0.8984;1.008
47.2640;0.0362;0.4525;0.9472;1.050
47.2840;0.0264;0.4329;0.9550;1.049
47.3050;0.0166;0.4251;0.9218;1.015
47.3270;-0.0010;0.4310;0.8671;0.968
47.3430;-0.0528;0.4603;0.8026;0.927
47.3620;-0.1456;0.4798;0.7977;0.942
47.3810;-0.2003;0.4925;0.7733;0.938
47.4000;-0.1954;0.4955;0.7616;0.929
47.4200;-0.1554;0.4847;0.7889;0.939
47.4490;-0.1261;0.4788;0.8906;1.019
47.4590;-0.1182;0.4788;0.9267;1.050
47.4780;-0.1143;0.4867;0.8681;1.002
47.5010;-0.0997;0.4896;0.8612;0.996
47.5270;-0.1134;0.4896;0.9560;1.080
47.5370;-0.1075;0.4837;1.0020;1.118
47.5560;-0.1134;0.4837;0.9922;1.110
47.5760;-0.0508;0.4847;0.9306;1.051
47.6030;-0.0020;0.4681;0.9785;1.085
47.6200;0.0215;0.4525;1.0029;1.100
47.6320;0.0371;0.4290;0.9541;1.047
47.6520;0.0371;0.4241;0.9033;0.999
47.6720;0.0586;0.4104;0.8329;0.930
47.6900;0.0987;0.3958;0.7723;0.873
47.7180;0.1114;0.4007;0.7537;0.861
47.7300;0.0762;0.4319;0.7518;0.870
47.7490;0.0098;0.4710;0.7518;0.887
47.7680;-0.0391;0.4818;0.8202;0.952
47.7870;-0.0723;0.4818;0.9765;1.091
47.8200;-0.0469;0.4681;1.0899;1.187
47.8260;-0.0137;0.4515;1.0371;1.131
47.8450;-0.0039;0.4554;0.8739;0.985
47.8650;-0.0225;0.4710;0.7596;0.894
47.8920;-0.0450;0.4740;0.7967;0.928
47.9250;-0.0674;0.4740;0.8769;0.999
47.9320;-0.0547;0.4759;0.8261;0.955
47.9420;-0.0479;0.4808;0.6883;0.841
47.9610;-0.0782;0.4925;0.6384;0.810
47.9810;-0.0938;0.4964;0.6570;0.829
48.0010;-0.0616;0.4886;0.7176;0.870
48.0200;-0.0371;0.4818;0.7674;0.907
48.0390;-0.0274;0.4769;0.7977;0.930
48.0590;-0.0391;0.4837;0.8730;0.999
48.0790;-0.0498;0.4867;0.9590;1.077
48.1010;-0.0430;0.4837;0.9814;1.095
48.1210;-0.0557;0.4915;0.9238;1.048
48.1360;-0.0938;0.5160;0.7967;0.954
48.1560;-0.1251;0.5590;0.6961;0.901
48.1740;-0.1437;0.5775;0.6922;0.913
48.1980;-0.1603;0.5639;0.8495;1.032
48.2360;-0.0831;0.5052;0.9912;1.116
48.2380;-0.0215;0.4857;0.9863;1.100
48.2530;-0.0068;0.4915;0.8329;0.967
48.2730;-0.0127;0.5062;0.7166;0.877
48.2920;-0.0313;0.5111;0.7489;0.907
48.3110;-0.0274;0.5033;0.8153;0.959
48.3340;-0.0039;0.4955;0.8388;0.974
48.3630;-0.0147;0.5033;0.8192;0.962
48.3690;-0.0899;0.5482;0.7840;0.961
48.3890;-0.1485;0.5717;0.8094;1.002
48.4170;-0.1173;0.5453;0.8231;0.994
48.4270;-0.0635;0.5160;0.8544;1.000
48.4470;-0.0352;0.5042;0.8544;0.993
48.4670;-0.0137;0.5042;0.7655;0.917
48.4850;-0.0264;0.5140;0.7127;0.879
48.5170;-0.0684;0.5277;0.7283;0.902
48.5240;-0.0459;0.5101;0.7635;0.919
48.5430;-0.0039;0.4896;0.8397;0.972
48.5630;-0.0186;0.4945;0.8319;0.968
48.5830;-0.0752;0.5287;0.7489;0.920
48.6010;-0.1964;0.5873;0.7489;0.972
48.6230;-0.0733;0.5355;0.7449;0.920
48.6550;0.0391;0.4867;0.8730;1.000
48.6610;0.0283;0.4906;0.8221;0.958
48.6870;0.0283;0.4955;0.7518;0.901
48.7120;-0.0166;0.5199;0.7674;0.927
48.7170;-0.0586;0.5521;0.7928;0.968
48.7370;-0.0772;0.5521;0.8231;0.994
48.7570;-0.0684;0.5580;0.8358;1.007
48.7760;-0.0899;0.5785;0.8212;1.009
48.8100;-0.1407;0.6039;0.7821;0.998
48.8150;-0.1573;0.6137;0.7518;0.983
48.8340;-0.0899;0.5648;0.7479;0.942
48.8530;-0.0567;0.5463;0.7723;0.948
48.8730;-0.0694;0.5512;0.7791;0.957
48.9020;-0.0782;0.5590;0.7606;0.947
48.9350;-0.0840;0.5590;0.7547;0.943
48.9400;-0.0694;0.5502;0.7713;0.950
48.9500;-0.0440;0.5385;0.7948;0.961
48.9690;-0.0547;0.5463;0.7850;0.958
48.9880;-0.1007;0.5746;0.7557;0.955
49.0090;-0.1046;0.5746;0.7664;0.964
49.0320;-0.0577;0.5472;0.7782;0.953
49.0470;-0.0420;0.5414;0.7821;0.952
49.0660;-0.0479;0.5414;0.7821;0.952
49.0850;-0.0655;0.5512;0.7743;0.953
49.1070;-0.0821;0.5609;0.7606;0.949
49.1240;-0.0586;0.5531;0.7459;0.930
49.1450;-0.0440;0.5453;0.7606;0.937
49.1640;-0.0459;0.5453;0.7664;0.942
49.1830;-0.0557;0.5443;0.7635;0.939
49.2080;-0.0625;0.5433;0.7547;0.932
49.2210;-0.0733;0.5433;0.7576;0.935
49.2420;-0.0625;0.5433;0.7713;0.946
49.2600;-0.0498;0.5414;0.7694;0.942
49.2800;-0.0577;0.5492;0.7684;0.946
49.2980;-0.0870;0.5658;0.7791;0.967
49.3180;-0.0870;0.5697;0.7733;0.964
49.3560;-0.0752;0.5580;0.7694;0.953
49.3580;-0.0557;0.5463;0.8026;0.972
49.3760;-0.0694;0.5580;0.8094;0.986
49.3990;-0.0694;0.5580;0.7791;0.961
49.4150;-0.0733;0.5619;0.7655;0.952
49.4340;-0.0811;0.5687;0.7684;0.959
49.4540;-0.0860;0.5736;0.7518;0.950
49.4760;-0.0752;0.5658;0.7684;0.957
49.4920;-0.0684;0.5658;0.7860;0.971
49.5250;-0.0743;0.5746;0.7791;0.971
49.5410;-0.0635;0.5678;0.7733;0.961
49.5500;-0.0674;0.5746;0.7831;0.974
49.5860;-0.0537;0.5746;0.7909;0.979
49.5890;-0.0674;0.5697;0.7831;0.971
49.6080;-0.0801;0.5775;0.7772;0.972
49.6350;-0.0772;0.5619;0.7704;0.957
49.6560;-0.0586;0.5590;0.7537;0.940
49.6660;-0.0410;0.5385;0.7381;0.915
49.6970;-0.0381;0.5306;0.7274;0.901
49.7060;-0.0674;0.5492;0.7449;0.928
49.7260;-0.0674;0.5580;0.7528;0.939
49.7430;-0.0489;0.5717;0.7371;0.934
49.7630;-0.0596;0.5717;0.7782;0.967
49.7820;-0.0606;0.5756;0.7674;0.961
49.8050;-0.0723;0.5756;0.7557;0.953
49.8220;-0.0694;0.5717;0.7635;0.956
49.8400;-0.0772;0.5697;0.7635;0.956
49.8600;-0.0801;0.5697;0.7791;0.969
49.8800;-0.0840;0.5766;0.7850;0.978
49.8990;-0.0997;0.5922;0.7625;0.971
49.9180;-0.0870;0.5766;0.7313;0.935
49.9420;-0.0733;0.5609;0.7225;0.918
49.9580;-0.0919;0.5687;0.7586;0.953
49.9770;-0.0733;0.5599;0.7909;0.972
49.9950;-0.0723;0.5590;0.7909;0.971
50.0240;-0.0792;0.5668;0.7674;0.957
50.0640;-0.0870;0.5668;0.7567;0.949
50.0700;-0.0811;0.5629;0.7635;0.952
50.0750;-0.0801;0.5619;0.7694;0.956
50.0940;-0.0801;0.5619;0.7801;0.965
50.1270;-0.0772;0.5590;0.7723;0.956
50.1310;-0.0919;0.5668;0.7772;0.966
50.1560;-0.0880;0.5609;0.7782;0.963
50.1710;-0.0928;0.5639;0.7831;0.969
50.1890;-0.0782;0.5580;0.7596;0.946
50.2090;-0.0674;0.5541;0.7528;0.937
50.2310;-0.0674;0.5512;0.7645;0.945
50.2470;-0.0713;0.5570;0.7596;0.945
50.2660;-0.0801;0.5570;0.7655;0.950
50.3080;-0.0840;0.5580;0.7684;0.953
50.3320;-0.0801;0.5580;0.7850;0.966
50.3440;-0.0635;0.5512;0.7635;0.944
50.3640;-0.0840;0.5629;0.7635;0.952
50.3840;-0.0684;0.5580;0.7635;0.948
50.4130;-0.0694;0.5551;0.7664;0.949
50.4400;-0.0586;0.5492;0.7723;0.949
50.4430;-0.0645;0.5472;0.7782;0.954
50.4600;-0.0782;0.5570;0.7743;0.957
50.4810;-0.0743;0.5531;0.7625;0.945
50.5010;-0.0733;0.5531;0.7752;0.955
50.5340;-0.0713;0.5531;0.7801;0.959
50.5410;-0.0713;0.5580;0.7664;0.951
50.5800;-0.0782;0.5580;0.7528;0.940
50.5860;-0.0811;0.5551;0.7684;0.951
50.5980;-0.0811;0.5551;0.7733;0.955
50.6380;-0.0762;0.5512;0.7694;0.949
50.6430;-0.0665;0.5453;0.7694;0.945
50.6910;-0.0723;0.5531;0.7762;0.956
50.6970;-0.0811;0.5599;0.7850;0.968
50.6990;-0.0977;0.5668;0.7850;0.973
50.7150;-0.1036;0.5717;0.8006;0.989
50.7470;-0.0840;0.5512;0.7733;0.953
50.7510;-0.0616;0.5385;0.7684;0.940
50.7900;-0.0752;0.5472;0.7684;0.946
50.7960;-0.0792;0.5472;0.7518;0.933
50.8110;-0.0840;0.5580;0.7821;0.964
50.8290;-0.0899;0.5570;0.7821;0.964
50.8480;-0.0948;0.5619;0.7655;0.954
50.8660;-0.0948;0.5619;0.7655;0.954
50.8850;-0.0752;0.5521;0.7557;0.939
50.9130;-0.0782;0.5472;0.7743;0.951
50.9250;-0.0723;0.5433;0.7811;0.954
50.9510;-0.0655;0.5433;0.7733;0.947
50.9650;-0.0684;0.5424;0.7684;0.943
50.9830;-0.0762;0.5521;0.7616;0.944
51.0020;-0.0704;0.5551;0.7655;0.948
51.0220;-0.0743;0.5551;0.7655;0.948
51.0400;-0.0840;0.5551;0.7655;0.949
51.0610;-0.0811;0.5551;0.7606;0.945
51.0800;-0.0850;0.5502;0.7850;0.962
51.0990;-0.0713;0.5433;0.7733;0.948
51.1190;-0.0704;0.5472;0.7684;0.946
51.1480;-0.0792;0.5541;0.7684;0.951
51.1570;-0.0782;0.5599;0.7645;0.951
51.1760;-0.0860;0.5599;0.7840;0.967
51.1950;-0.0792;0.5551;0.7625;0.946
51.2290;-0.0733;0.5443;0.7655;0.942
51.2360;-0.0792;0.5414;0.7811;0.954
51.2550;-0.0792;0.5414;0.7704;0.945
51.2740;-0.0792;0.5512;0.7762;0.955
51.2950;-0.0860;0.5599;0.7635;0.951
51.3200;-0.0801;0.5560;0.7586;0.944
51.3450;-0.0713;0.5521;0.7586;0.941
51.3510;-0.0801;0.5472;0.7635;0.943
51.3750;-0.0870;0.5453;0.7723;0.949
51.3940;-0.0704;0.5414;0.7674;0.942
51.4110;-0.0704;0.5404;0.7664;0.940
51.4490;-0.0733;0.5443;0.7479;0.928
51.4520;-0.0479;0.5385;0.6511;0.846
51.4880;-0.1378;0.5521;0.8603;1.031
51.4890;-0.0870;0.5424;0.8857;1.042
51.5120;-0.1261;0.5971;0.7870;0.996
